datetime_beginning_utc,datetime_beginning_ept,pnode_id,pnode_name,voltage,equipment,type,zone,system_energy_price_da,total_lmp_da,congestion_price_da,marginal_loss_price_da,row_is_current,version_nbr
12/1/2023 5:00:00 AM,12/1/2023 12:00:00 AM,1,PJM-RTO,,,ZONE,,25.82,26.956158,0.731541,0.404617,True,1
12/1/2023 6:00:00 AM,12/1/2023 1:00:00 AM,1,PJM-RTO,,,ZONE,,25.08,25.678800,0.373740,0.225061,True,1
12/1/2023 7:00:00 AM,12/1/2023 2:00:00 AM,1,PJM-RTO,,,ZONE,,24.74,25.131800,0.210235,0.181565,True,1
12/1/2023 8:00:00 AM,12/1/2023 3:00:00 AM,1,PJM-RTO,,,ZONE,,24.44,24.949571,0.357249,0.152322,True,1
12/1/2023 9:00:00 AM,12/1/2023 4:00:00 AM,1,PJM-RTO,,,ZONE,,25.23,26.018795,0.598789,0.190006,True,1
12/1/2023 10:00:00 AM,12/1/2023 5:00:00 AM,1,PJM-RTO,,,ZONE,,28.65,30.323044,1.534061,0.138983,True,1
12/1/2023 11:00:00 AM,12/1/2023 6:00:00 AM,1,PJM-RTO,,,ZONE,,36.36,40.729292,4.088837,0.280455,True,1
12/1/2023 12:00:00 PM,12/1/2023 7:00:00 AM,1,PJM-RTO,,,ZONE,,40.62,45.567427,4.545091,0.402336,True,1
12/1/2023 1:00:00 PM,12/1/2023 8:00:00 AM,1,PJM-RTO,,,ZONE,,36.24,39.299696,2.784857,0.274839,True,1
12/1/2023 2:00:00 PM,12/1/2023 9:00:00 AM,1,PJM-RTO,,,ZONE,,35.62,36.225309,0.426416,0.178894,True,1
12/1/2023 3:00:00 PM,12/1/2023 10:00:00 AM,1,PJM-RTO,,,ZONE,,37.41,37.827501,0.301059,0.116442,True,1
12/1/2023 4:00:00 PM,12/1/2023 11:00:00 AM,1,PJM-RTO,,,ZONE,,35.36,35.706938,0.231434,0.115504,True,1
12/1/2023 5:00:00 PM,12/1/2023 12:00:00 PM,1,PJM-RTO,,,ZONE,,34.63,34.807915,0.094276,0.083639,True,1
12/1/2023 6:00:00 PM,12/1/2023 1:00:00 PM,1,PJM-RTO,,,ZONE,,32.62,32.836387,0.146159,0.070227,True,1
12/1/2023 7:00:00 PM,12/1/2023 2:00:00 PM,1,PJM-RTO,,,ZONE,,32.31,32.470222,0.053538,0.106683,True,1
12/1/2023 8:00:00 PM,12/1/2023 3:00:00 PM,1,PJM-RTO,,,ZONE,,31.55,32.049539,0.311060,0.188479,True,1
12/1/2023 9:00:00 PM,12/1/2023 4:00:00 PM,1,PJM-RTO,,,ZONE,,36.69,38.854502,1.951604,0.212898,True,1
12/1/2023 10:00:00 PM,12/1/2023 5:00:00 PM,1,PJM-RTO,,,ZONE,,39.06,41.100800,1.907718,0.133083,True,1
12/1/2023 11:00:00 PM,12/1/2023 6:00:00 PM,1,PJM-RTO,,,ZONE,,33.64,36.364414,2.670140,0.054275,True,1
12/2/2023 12:00:00 AM,12/1/2023 7:00:00 PM,1,PJM-RTO,,,ZONE,,30.42,32.630636,2.192988,0.017648,True,1
12/2/2023 1:00:00 AM,12/1/2023 8:00:00 PM,1,PJM-RTO,,,ZONE,,27.49,29.193810,1.664420,0.039390,True,1
12/2/2023 2:00:00 AM,12/1/2023 9:00:00 PM,1,PJM-RTO,,,ZONE,,26.87,28.016524,1.115034,0.031490,True,1
12/2/2023 3:00:00 AM,12/1/2023 10:00:00 PM,1,PJM-RTO,,,ZONE,,25.14,25.751263,0.548485,0.062778,True,1
12/2/2023 4:00:00 AM,12/1/2023 11:00:00 PM,1,PJM-RTO,,,ZONE,,22.26,22.699617,0.372445,0.067171,True,1
12/2/2023 5:00:00 AM,12/2/2023 12:00:00 AM,1,PJM-RTO,,,ZONE,,23.02,23.766212,0.636354,0.109858,True,1
12/2/2023 6:00:00 AM,12/2/2023 1:00:00 AM,1,PJM-RTO,,,ZONE,,21.62,21.951429,0.308448,0.022981,True,1
12/2/2023 7:00:00 AM,12/2/2023 2:00:00 AM,1,PJM-RTO,,,ZONE,,20.59,20.848809,0.260169,-0.001360,True,1
12/2/2023 8:00:00 AM,12/2/2023 3:00:00 AM,1,PJM-RTO,,,ZONE,,20.31,20.710271,0.404025,-0.003755,True,1
12/2/2023 9:00:00 AM,12/2/2023 4:00:00 AM,1,PJM-RTO,,,ZONE,,20.44,20.839406,0.387658,0.011747,True,1
12/2/2023 10:00:00 AM,12/2/2023 5:00:00 AM,1,PJM-RTO,,,ZONE,,20.91,21.396116,0.509279,-0.023163,True,1
12/2/2023 11:00:00 AM,12/2/2023 6:00:00 AM,1,PJM-RTO,,,ZONE,,22.69,23.614014,0.885076,0.038938,True,1
12/2/2023 12:00:00 PM,12/2/2023 7:00:00 AM,1,PJM-RTO,,,ZONE,,25.98,26.957178,0.913606,0.063573,True,1
12/2/2023 1:00:00 PM,12/2/2023 8:00:00 AM,1,PJM-RTO,,,ZONE,,29.21,30.157228,1.118163,-0.170934,True,1
12/2/2023 2:00:00 PM,12/2/2023 9:00:00 AM,1,PJM-RTO,,,ZONE,,28.44,28.789543,0.292190,0.057353,True,1
12/2/2023 3:00:00 PM,12/2/2023 10:00:00 AM,1,PJM-RTO,,,ZONE,,30.03,30.015650,-0.152526,0.138176,True,1
12/2/2023 4:00:00 PM,12/2/2023 11:00:00 AM,1,PJM-RTO,,,ZONE,,29.71,29.630300,-0.253577,0.173878,True,1
12/2/2023 5:00:00 PM,12/2/2023 12:00:00 PM,1,PJM-RTO,,,ZONE,,28.08,27.978012,-0.215370,0.113382,True,1
12/2/2023 6:00:00 PM,12/2/2023 1:00:00 PM,1,PJM-RTO,,,ZONE,,26.09,26.008760,-0.201482,0.120242,True,1
12/2/2023 7:00:00 PM,12/2/2023 2:00:00 PM,1,PJM-RTO,,,ZONE,,26.15,26.144054,-0.142729,0.136783,True,1
12/2/2023 8:00:00 PM,12/2/2023 3:00:00 PM,1,PJM-RTO,,,ZONE,,26.35,26.516142,-0.007519,0.173661,True,1
12/2/2023 9:00:00 PM,12/2/2023 4:00:00 PM,1,PJM-RTO,,,ZONE,,30.48,31.041229,0.416726,0.144503,True,1
12/2/2023 10:00:00 PM,12/2/2023 5:00:00 PM,1,PJM-RTO,,,ZONE,,32.55,33.698925,1.004827,0.144098,True,1
12/2/2023 11:00:00 PM,12/2/2023 6:00:00 PM,1,PJM-RTO,,,ZONE,,30.72,31.452671,0.745566,-0.012894,True,1
12/3/2023 12:00:00 AM,12/2/2023 7:00:00 PM,1,PJM-RTO,,,ZONE,,29.22,30.113447,0.883725,0.009721,True,1
12/3/2023 1:00:00 AM,12/2/2023 8:00:00 PM,1,PJM-RTO,,,ZONE,,29.09,29.243348,0.124271,0.029077,True,1
12/3/2023 2:00:00 AM,12/2/2023 9:00:00 PM,1,PJM-RTO,,,ZONE,,27.71,28.127847,0.400573,0.017274,True,1
12/3/2023 3:00:00 AM,12/2/2023 10:00:00 PM,1,PJM-RTO,,,ZONE,,25.97,25.911421,-0.083389,0.024811,True,1
12/3/2023 4:00:00 AM,12/2/2023 11:00:00 PM,1,PJM-RTO,,,ZONE,,21.55,21.864802,0.239269,0.075532,True,1
12/3/2023 5:00:00 AM,12/3/2023 12:00:00 AM,1,PJM-RTO,,,ZONE,,18.59,18.926372,0.264656,0.071716,True,1
12/3/2023 6:00:00 AM,12/3/2023 1:00:00 AM,1,PJM-RTO,,,ZONE,,18.81,19.094338,0.251500,0.032838,True,1
12/3/2023 7:00:00 AM,12/3/2023 2:00:00 AM,1,PJM-RTO,,,ZONE,,18.45,18.627954,0.178399,-0.000445,True,1
12/3/2023 8:00:00 AM,12/3/2023 3:00:00 AM,1,PJM-RTO,,,ZONE,,17.52,17.762012,0.248875,-0.006864,True,1
12/3/2023 9:00:00 AM,12/3/2023 4:00:00 AM,1,PJM-RTO,,,ZONE,,16.96,17.225067,0.261769,0.003298,True,1
12/3/2023 10:00:00 AM,12/3/2023 5:00:00 AM,1,PJM-RTO,,,ZONE,,17.17,17.381236,0.188039,0.023197,True,1
12/3/2023 11:00:00 AM,12/3/2023 6:00:00 AM,1,PJM-RTO,,,ZONE,,18.81,18.836726,-0.016524,0.043250,True,1
12/3/2023 12:00:00 PM,12/3/2023 7:00:00 AM,1,PJM-RTO,,,ZONE,,19.14,19.057719,-0.171763,0.089482,True,1
12/3/2023 1:00:00 PM,12/3/2023 8:00:00 AM,1,PJM-RTO,,,ZONE,,22.15,21.980093,-0.155959,-0.013948,True,1
12/3/2023 2:00:00 PM,12/3/2023 9:00:00 AM,1,PJM-RTO,,,ZONE,,23.04,22.994729,-0.127931,0.082660,True,1
12/3/2023 3:00:00 PM,12/3/2023 10:00:00 AM,1,PJM-RTO,,,ZONE,,23.98,24.249907,0.148457,0.121450,True,1
12/3/2023 4:00:00 PM,12/3/2023 11:00:00 AM,1,PJM-RTO,,,ZONE,,23.95,24.838727,0.767591,0.121136,True,1
12/3/2023 5:00:00 PM,12/3/2023 12:00:00 PM,1,PJM-RTO,,,ZONE,,23.96,24.594325,0.532708,0.101617,True,1
12/3/2023 6:00:00 PM,12/3/2023 1:00:00 PM,1,PJM-RTO,,,ZONE,,23.00,23.966994,0.871509,0.095485,True,1
12/3/2023 7:00:00 PM,12/3/2023 2:00:00 PM,1,PJM-RTO,,,ZONE,,21.44,21.675124,0.138721,0.096404,True,1
12/3/2023 8:00:00 PM,12/3/2023 3:00:00 PM,1,PJM-RTO,,,ZONE,,21.58,21.705275,0.005292,0.119983,True,1
12/3/2023 9:00:00 PM,12/3/2023 4:00:00 PM,1,PJM-RTO,,,ZONE,,28.07,28.706598,0.472731,0.163867,True,1
12/3/2023 10:00:00 PM,12/3/2023 5:00:00 PM,1,PJM-RTO,,,ZONE,,31.63,32.936706,1.110947,0.195759,True,1
12/3/2023 11:00:00 PM,12/3/2023 6:00:00 PM,1,PJM-RTO,,,ZONE,,27.12,27.856962,0.695272,0.041689,True,1
12/4/2023 12:00:00 AM,12/3/2023 7:00:00 PM,1,PJM-RTO,,,ZONE,,25.48,25.914328,0.403069,0.031258,True,1
12/4/2023 1:00:00 AM,12/3/2023 8:00:00 PM,1,PJM-RTO,,,ZONE,,23.98,24.471316,0.414955,0.076362,True,1
12/4/2023 2:00:00 AM,12/3/2023 9:00:00 PM,1,PJM-RTO,,,ZONE,,22.52,22.461427,-0.146466,0.087893,True,1
12/4/2023 3:00:00 AM,12/3/2023 10:00:00 PM,1,PJM-RTO,,,ZONE,,20.38,20.518286,0.038082,0.100204,True,1
12/4/2023 4:00:00 AM,12/3/2023 11:00:00 PM,1,PJM-RTO,,,ZONE,,18.39,18.503601,0.046590,0.067011,True,1
12/4/2023 5:00:00 AM,12/4/2023 12:00:00 AM,1,PJM-RTO,,,ZONE,,19.89,20.185613,0.277166,0.018447,True,1
12/4/2023 6:00:00 AM,12/4/2023 1:00:00 AM,1,PJM-RTO,,,ZONE,,19.94,20.021698,0.086481,-0.004783,True,1
12/4/2023 7:00:00 AM,12/4/2023 2:00:00 AM,1,PJM-RTO,,,ZONE,,19.69,19.894675,0.223751,-0.019076,True,1
12/4/2023 8:00:00 AM,12/4/2023 3:00:00 AM,1,PJM-RTO,,,ZONE,,19.72,19.899968,0.204481,-0.024514,True,1
12/4/2023 9:00:00 AM,12/4/2023 4:00:00 AM,1,PJM-RTO,,,ZONE,,21.01,21.240786,0.250216,-0.019430,True,1
12/4/2023 10:00:00 AM,12/4/2023 5:00:00 AM,1,PJM-RTO,,,ZONE,,23.41,23.694718,0.274331,0.010388,True,1
12/4/2023 11:00:00 AM,12/4/2023 6:00:00 AM,1,PJM-RTO,,,ZONE,,30.07,31.310374,1.172692,0.067682,True,1
12/4/2023 12:00:00 PM,12/4/2023 7:00:00 AM,1,PJM-RTO,,,ZONE,,31.40,32.406693,0.855095,0.151598,True,1
12/4/2023 1:00:00 PM,12/4/2023 8:00:00 AM,1,PJM-RTO,,,ZONE,,27.65,28.070742,0.289484,0.131258,True,1
12/4/2023 2:00:00 PM,12/4/2023 9:00:00 AM,1,PJM-RTO,,,ZONE,,27.07,27.848780,0.677081,0.101699,True,1
12/4/2023 3:00:00 PM,12/4/2023 10:00:00 AM,1,PJM-RTO,,,ZONE,,29.17,29.840053,0.540909,0.129144,True,1
12/4/2023 4:00:00 PM,12/4/2023 11:00:00 AM,1,PJM-RTO,,,ZONE,,29.42,29.866413,0.234073,0.212340,True,1
12/4/2023 5:00:00 PM,12/4/2023 12:00:00 PM,1,PJM-RTO,,,ZONE,,29.17,29.607501,0.206680,0.230821,True,1
12/4/2023 6:00:00 PM,12/4/2023 1:00:00 PM,1,PJM-RTO,,,ZONE,,27.48,27.977301,0.210139,0.287163,True,1
12/4/2023 7:00:00 PM,12/4/2023 2:00:00 PM,1,PJM-RTO,,,ZONE,,27.80,28.241214,0.152345,0.288869,True,1
12/4/2023 8:00:00 PM,12/4/2023 3:00:00 PM,1,PJM-RTO,,,ZONE,,27.96,28.350145,0.104356,0.285789,True,1
12/4/2023 9:00:00 PM,12/4/2023 4:00:00 PM,1,PJM-RTO,,,ZONE,,34.38,38.548980,3.890526,0.278454,True,1
12/4/2023 10:00:00 PM,12/4/2023 5:00:00 PM,1,PJM-RTO,,,ZONE,,43.20,49.308804,5.759179,0.349625,True,1
12/4/2023 11:00:00 PM,12/4/2023 6:00:00 PM,1,PJM-RTO,,,ZONE,,33.75,36.680586,2.746095,0.184491,True,1
12/5/2023 12:00:00 AM,12/4/2023 7:00:00 PM,1,PJM-RTO,,,ZONE,,33.02,35.774681,2.598183,0.156498,True,1
12/5/2023 1:00:00 AM,12/4/2023 8:00:00 PM,1,PJM-RTO,,,ZONE,,32.42,35.135912,2.480358,0.235554,True,1
12/5/2023 2:00:00 AM,12/4/2023 9:00:00 PM,1,PJM-RTO,,,ZONE,,31.16,31.851766,0.514205,0.177560,True,1
12/5/2023 3:00:00 AM,12/4/2023 10:00:00 PM,1,PJM-RTO,,,ZONE,,26.55,27.231808,0.548286,0.133521,True,1
12/5/2023 4:00:00 AM,12/4/2023 11:00:00 PM,1,PJM-RTO,,,ZONE,,23.80,24.323234,0.496744,0.026491,True,1
12/5/2023 5:00:00 AM,12/5/2023 12:00:00 AM,1,PJM-RTO,,,ZONE,,26.59,26.994514,0.309724,0.094790,True,1
12/5/2023 6:00:00 AM,12/5/2023 1:00:00 AM,1,PJM-RTO,,,ZONE,,25.77,26.157653,0.314222,0.073431,True,1
12/5/2023 7:00:00 AM,12/5/2023 2:00:00 AM,1,PJM-RTO,,,ZONE,,25.53,25.744174,0.198600,0.015573,True,1
12/5/2023 8:00:00 AM,12/5/2023 3:00:00 AM,1,PJM-RTO,,,ZONE,,25.60,25.540317,-0.053098,-0.006585,True,1
12/5/2023 9:00:00 AM,12/5/2023 4:00:00 AM,1,PJM-RTO,,,ZONE,,27.18,27.072081,-0.088704,-0.019215,True,1
12/5/2023 10:00:00 AM,12/5/2023 5:00:00 AM,1,PJM-RTO,,,ZONE,,30.89,33.292777,2.362830,0.039947,True,1
12/5/2023 11:00:00 AM,12/5/2023 6:00:00 AM,1,PJM-RTO,,,ZONE,,40.07,49.213809,8.878744,0.265065,True,1
12/5/2023 12:00:00 PM,12/5/2023 7:00:00 AM,1,PJM-RTO,,,ZONE,,52.73,58.741267,5.633485,0.377783,True,1
12/5/2023 1:00:00 PM,12/5/2023 8:00:00 AM,1,PJM-RTO,,,ZONE,,34.11,36.751389,2.546366,0.095023,True,1
12/5/2023 2:00:00 PM,12/5/2023 9:00:00 AM,1,PJM-RTO,,,ZONE,,31.18,31.723423,0.450866,0.092557,True,1
12/5/2023 3:00:00 PM,12/5/2023 10:00:00 AM,1,PJM-RTO,,,ZONE,,32.72,33.141581,0.355470,0.066111,True,1
12/5/2023 4:00:00 PM,12/5/2023 11:00:00 AM,1,PJM-RTO,,,ZONE,,31.02,31.530804,0.339711,0.171093,True,1
12/5/2023 5:00:00 PM,12/5/2023 12:00:00 PM,1,PJM-RTO,,,ZONE,,28.77,29.204536,0.293683,0.140853,True,1
12/5/2023 6:00:00 PM,12/5/2023 1:00:00 PM,1,PJM-RTO,,,ZONE,,27.19,27.719181,0.370596,0.158585,True,1
12/5/2023 7:00:00 PM,12/5/2023 2:00:00 PM,1,PJM-RTO,,,ZONE,,28.26,28.468317,0.047551,0.160766,True,1
12/5/2023 8:00:00 PM,12/5/2023 3:00:00 PM,1,PJM-RTO,,,ZONE,,28.07,29.082714,0.858953,0.153760,True,1
12/5/2023 9:00:00 PM,12/5/2023 4:00:00 PM,1,PJM-RTO,,,ZONE,,35.31,39.610632,4.168527,0.132105,True,1
12/5/2023 10:00:00 PM,12/5/2023 5:00:00 PM,1,PJM-RTO,,,ZONE,,44.31,53.055157,8.347665,0.397492,True,1
12/5/2023 11:00:00 PM,12/5/2023 6:00:00 PM,1,PJM-RTO,,,ZONE,,36.58,44.182977,7.415591,0.187386,True,1
12/6/2023 12:00:00 AM,12/5/2023 7:00:00 PM,1,PJM-RTO,,,ZONE,,36.12,41.102049,4.863529,0.118520,True,1
12/6/2023 1:00:00 AM,12/5/2023 8:00:00 PM,1,PJM-RTO,,,ZONE,,35.32,38.634639,3.116645,0.197993,True,1
12/6/2023 2:00:00 AM,12/5/2023 9:00:00 PM,1,PJM-RTO,,,ZONE,,32.67,35.078555,2.269517,0.139038,True,1
12/6/2023 3:00:00 AM,12/5/2023 10:00:00 PM,1,PJM-RTO,,,ZONE,,29.75,30.652879,0.787434,0.115446,True,1
12/6/2023 4:00:00 AM,12/5/2023 11:00:00 PM,1,PJM-RTO,,,ZONE,,26.57,27.018967,0.277098,0.171869,True,1
12/6/2023 5:00:00 AM,12/6/2023 12:00:00 AM,1,PJM-RTO,,,ZONE,,26.62,26.708622,-0.087020,0.175641,True,1
12/6/2023 6:00:00 AM,12/6/2023 1:00:00 AM,1,PJM-RTO,,,ZONE,,24.54,24.828698,0.119008,0.169690,True,1
12/6/2023 7:00:00 AM,12/6/2023 2:00:00 AM,1,PJM-RTO,,,ZONE,,23.85,24.137239,0.121562,0.165677,True,1
12/6/2023 8:00:00 AM,12/6/2023 3:00:00 AM,1,PJM-RTO,,,ZONE,,23.58,23.966271,0.215652,0.170619,True,1
12/6/2023 9:00:00 AM,12/6/2023 4:00:00 AM,1,PJM-RTO,,,ZONE,,25.56,26.206910,0.362968,0.283942,True,1
12/6/2023 10:00:00 AM,12/6/2023 5:00:00 AM,1,PJM-RTO,,,ZONE,,28.46,31.059697,2.278237,0.321460,True,1
12/6/2023 11:00:00 AM,12/6/2023 6:00:00 AM,1,PJM-RTO,,,ZONE,,40.83,50.700274,9.222465,0.647809,True,1
12/6/2023 12:00:00 PM,12/6/2023 7:00:00 AM,1,PJM-RTO,,,ZONE,,47.31,55.844291,7.804288,0.730003,True,1
12/6/2023 1:00:00 PM,12/6/2023 8:00:00 AM,1,PJM-RTO,,,ZONE,,39.90,42.801716,2.563685,0.338030,True,1
12/6/2023 2:00:00 PM,12/6/2023 9:00:00 AM,1,PJM-RTO,,,ZONE,,36.98,36.879691,-0.376946,0.276637,True,1
12/6/2023 3:00:00 PM,12/6/2023 10:00:00 AM,1,PJM-RTO,,,ZONE,,35.06,36.433642,0.881677,0.491966,True,1
12/6/2023 4:00:00 PM,12/6/2023 11:00:00 AM,1,PJM-RTO,,,ZONE,,33.24,34.442220,0.743447,0.458774,True,1
12/6/2023 5:00:00 PM,12/6/2023 12:00:00 PM,1,PJM-RTO,,,ZONE,,31.18,32.289724,0.676409,0.433314,True,1
12/6/2023 6:00:00 PM,12/6/2023 1:00:00 PM,1,PJM-RTO,,,ZONE,,29.49,30.616647,0.654007,0.472640,True,1
12/6/2023 7:00:00 PM,12/6/2023 2:00:00 PM,1,PJM-RTO,,,ZONE,,28.73,30.056949,0.876570,0.450378,True,1
12/6/2023 8:00:00 PM,12/6/2023 3:00:00 PM,1,PJM-RTO,,,ZONE,,30.28,33.016738,2.138597,0.598141,True,1
12/6/2023 9:00:00 PM,12/6/2023 4:00:00 PM,1,PJM-RTO,,,ZONE,,38.26,45.629485,6.837230,0.532255,True,1
12/6/2023 10:00:00 PM,12/6/2023 5:00:00 PM,1,PJM-RTO,,,ZONE,,62.35,69.623436,6.432592,0.840843,True,1
12/6/2023 11:00:00 PM,12/6/2023 6:00:00 PM,1,PJM-RTO,,,ZONE,,44.71,52.300361,7.055605,0.534756,True,1
12/7/2023 12:00:00 AM,12/6/2023 7:00:00 PM,1,PJM-RTO,,,ZONE,,41.29,47.867295,6.177895,0.399400,True,1
12/7/2023 1:00:00 AM,12/6/2023 8:00:00 PM,1,PJM-RTO,,,ZONE,,38.07,43.913144,5.468303,0.374841,True,1
12/7/2023 2:00:00 AM,12/6/2023 9:00:00 PM,1,PJM-RTO,,,ZONE,,36.58,43.065702,6.127940,0.357762,True,1
12/7/2023 3:00:00 AM,12/6/2023 10:00:00 PM,1,PJM-RTO,,,ZONE,,30.75,37.095363,5.895868,0.449496,True,1
12/7/2023 4:00:00 AM,12/6/2023 11:00:00 PM,1,PJM-RTO,,,ZONE,,29.55,33.175023,3.362544,0.262479,True,1
12/7/2023 5:00:00 AM,12/7/2023 12:00:00 AM,1,PJM-RTO,,,ZONE,,29.41,33.047327,3.354971,0.282356,True,1
12/7/2023 6:00:00 AM,12/7/2023 1:00:00 AM,1,PJM-RTO,,,ZONE,,29.32,32.622403,3.102042,0.200360,True,1
12/7/2023 7:00:00 AM,12/7/2023 2:00:00 AM,1,PJM-RTO,,,ZONE,,29.41,31.393887,1.791621,0.192266,True,1
12/7/2023 8:00:00 AM,12/7/2023 3:00:00 AM,1,PJM-RTO,,,ZONE,,30.43,32.003268,1.447792,0.125475,True,1
12/7/2023 9:00:00 AM,12/7/2023 4:00:00 AM,1,PJM-RTO,,,ZONE,,31.77,35.320669,3.244132,0.306537,True,1
12/7/2023 10:00:00 AM,12/7/2023 5:00:00 AM,1,PJM-RTO,,,ZONE,,35.43,41.265196,5.552801,0.282396,True,1
12/7/2023 11:00:00 AM,12/7/2023 6:00:00 AM,1,PJM-RTO,,,ZONE,,62.01,69.527035,6.784196,0.732839,True,1
12/7/2023 12:00:00 PM,12/7/2023 7:00:00 AM,1,PJM-RTO,,,ZONE,,61.24,67.786918,5.902844,0.644074,True,1
12/7/2023 1:00:00 PM,12/7/2023 8:00:00 AM,1,PJM-RTO,,,ZONE,,38.24,42.821393,4.153246,0.428147,True,1
12/7/2023 2:00:00 PM,12/7/2023 9:00:00 AM,1,PJM-RTO,,,ZONE,,33.86,35.133783,0.831739,0.442044,True,1
12/7/2023 3:00:00 PM,12/7/2023 10:00:00 AM,1,PJM-RTO,,,ZONE,,31.15,32.272173,0.600319,0.521854,True,1
12/7/2023 4:00:00 PM,12/7/2023 11:00:00 AM,1,PJM-RTO,,,ZONE,,29.45,30.225068,0.367412,0.407657,True,1
12/7/2023 5:00:00 PM,12/7/2023 12:00:00 PM,1,PJM-RTO,,,ZONE,,26.59,27.783153,0.822993,0.370161,True,1
12/7/2023 6:00:00 PM,12/7/2023 1:00:00 PM,1,PJM-RTO,,,ZONE,,25.48,26.719362,0.893313,0.346049,True,1
12/7/2023 7:00:00 PM,12/7/2023 2:00:00 PM,1,PJM-RTO,,,ZONE,,24.86,26.088130,0.891142,0.336987,True,1
12/7/2023 8:00:00 PM,12/7/2023 3:00:00 PM,1,PJM-RTO,,,ZONE,,26.41,26.417025,-0.487232,0.494257,True,1
12/7/2023 9:00:00 PM,12/7/2023 4:00:00 PM,1,PJM-RTO,,,ZONE,,33.24,37.875217,4.151610,0.483607,True,1
12/7/2023 10:00:00 PM,12/7/2023 5:00:00 PM,1,PJM-RTO,,,ZONE,,44.08,50.133077,5.432783,0.620294,True,1
12/7/2023 11:00:00 PM,12/7/2023 6:00:00 PM,1,PJM-RTO,,,ZONE,,33.20,40.006352,6.323819,0.482532,True,1
12/8/2023 12:00:00 AM,12/7/2023 7:00:00 PM,1,PJM-RTO,,,ZONE,,31.05,39.558007,7.925036,0.582971,True,1
12/8/2023 1:00:00 AM,12/7/2023 8:00:00 PM,1,PJM-RTO,,,ZONE,,29.79,35.284080,4.979124,0.514956,True,1
12/8/2023 2:00:00 AM,12/7/2023 9:00:00 PM,1,PJM-RTO,,,ZONE,,29.33,32.184363,2.340221,0.514142,True,1
12/8/2023 3:00:00 AM,12/7/2023 10:00:00 PM,1,PJM-RTO,,,ZONE,,26.04,27.589578,0.933737,0.615841,True,1
12/8/2023 4:00:00 AM,12/7/2023 11:00:00 PM,1,PJM-RTO,,,ZONE,,24.50,25.309080,0.278604,0.530475,True,1
12/8/2023 5:00:00 AM,12/8/2023 12:00:00 AM,1,PJM-RTO,,,ZONE,,21.32,22.698122,1.027440,0.350682,True,1
12/8/2023 6:00:00 AM,12/8/2023 1:00:00 AM,1,PJM-RTO,,,ZONE,,21.84,22.405563,0.345616,0.219947,True,1
12/8/2023 7:00:00 AM,12/8/2023 2:00:00 AM,1,PJM-RTO,,,ZONE,,21.13,22.008439,0.650202,0.228236,True,1
12/8/2023 8:00:00 AM,12/8/2023 3:00:00 AM,1,PJM-RTO,,,ZONE,,21.72,21.820916,-0.063657,0.164573,True,1
12/8/2023 9:00:00 AM,12/8/2023 4:00:00 AM,1,PJM-RTO,,,ZONE,,22.93,25.051136,1.964937,0.156199,True,1
12/8/2023 10:00:00 AM,12/8/2023 5:00:00 AM,1,PJM-RTO,,,ZONE,,26.87,32.868748,5.668992,0.329756,True,1
12/8/2023 11:00:00 AM,12/8/2023 6:00:00 AM,1,PJM-RTO,,,ZONE,,42.01,52.756174,10.081890,0.664284,True,1
12/8/2023 12:00:00 PM,12/8/2023 7:00:00 AM,1,PJM-RTO,,,ZONE,,40.02,50.861988,10.344421,0.497567,True,1
12/8/2023 1:00:00 PM,12/8/2023 8:00:00 AM,1,PJM-RTO,,,ZONE,,28.59,31.968338,2.972193,0.406145,True,1
12/8/2023 2:00:00 PM,12/8/2023 9:00:00 AM,1,PJM-RTO,,,ZONE,,23.36,25.394616,1.659542,0.375074,True,1
12/8/2023 3:00:00 PM,12/8/2023 10:00:00 AM,1,PJM-RTO,,,ZONE,,21.51,23.038155,1.225212,0.302943,True,1
12/8/2023 4:00:00 PM,12/8/2023 11:00:00 AM,1,PJM-RTO,,,ZONE,,20.72,22.005266,1.038514,0.246752,True,1
12/8/2023 5:00:00 PM,12/8/2023 12:00:00 PM,1,PJM-RTO,,,ZONE,,20.24,21.559359,1.085412,0.233947,True,1
12/8/2023 6:00:00 PM,12/8/2023 1:00:00 PM,1,PJM-RTO,,,ZONE,,20.07,21.284749,1.018802,0.195946,True,1
12/8/2023 7:00:00 PM,12/8/2023 2:00:00 PM,1,PJM-RTO,,,ZONE,,20.05,21.364549,1.098136,0.216412,True,1
12/8/2023 8:00:00 PM,12/8/2023 3:00:00 PM,1,PJM-RTO,,,ZONE,,20.42,21.959642,1.227894,0.311748,True,1
12/8/2023 9:00:00 PM,12/8/2023 4:00:00 PM,1,PJM-RTO,,,ZONE,,24.12,26.910252,2.460946,0.329306,True,1
12/8/2023 10:00:00 PM,12/8/2023 5:00:00 PM,1,PJM-RTO,,,ZONE,,29.79,34.220973,3.987107,0.443866,True,1
12/8/2023 11:00:00 PM,12/8/2023 6:00:00 PM,1,PJM-RTO,,,ZONE,,25.91,30.384441,4.098008,0.376433,True,1
12/9/2023 12:00:00 AM,12/8/2023 7:00:00 PM,1,PJM-RTO,,,ZONE,,24.84,27.757816,2.349443,0.568373,True,1
12/9/2023 1:00:00 AM,12/8/2023 8:00:00 PM,1,PJM-RTO,,,ZONE,,23.02,24.854177,1.363695,0.470482,True,1
12/9/2023 2:00:00 AM,12/8/2023 9:00:00 PM,1,PJM-RTO,,,ZONE,,22.21,23.625448,1.000374,0.415074,True,1
12/9/2023 3:00:00 AM,12/8/2023 10:00:00 PM,1,PJM-RTO,,,ZONE,,20.38,21.150668,0.393092,0.377576,True,1
12/9/2023 4:00:00 AM,12/8/2023 11:00:00 PM,1,PJM-RTO,,,ZONE,,20.28,20.934747,0.359881,0.294866,True,1
12/9/2023 5:00:00 AM,12/9/2023 12:00:00 AM,1,PJM-RTO,,,ZONE,,21.91,20.746593,-1.019269,-0.144138,True,1
12/9/2023 6:00:00 AM,12/9/2023 1:00:00 AM,1,PJM-RTO,,,ZONE,,20.65,19.355531,-1.074764,-0.219705,True,1
12/9/2023 7:00:00 AM,12/9/2023 2:00:00 AM,1,PJM-RTO,,,ZONE,,20.27,18.911819,-1.161499,-0.196682,True,1
12/9/2023 8:00:00 AM,12/9/2023 3:00:00 AM,1,PJM-RTO,,,ZONE,,19.56,18.231205,-1.170458,-0.158337,True,1
12/9/2023 9:00:00 AM,12/9/2023 4:00:00 AM,1,PJM-RTO,,,ZONE,,20.50,19.446743,-0.963579,-0.089677,True,1
12/9/2023 10:00:00 AM,12/9/2023 5:00:00 AM,1,PJM-RTO,,,ZONE,,20.88,20.173122,-0.703424,-0.003455,True,1
12/9/2023 11:00:00 AM,12/9/2023 6:00:00 AM,1,PJM-RTO,,,ZONE,,22.60,22.996323,0.242039,0.154283,True,1
12/9/2023 12:00:00 PM,12/9/2023 7:00:00 AM,1,PJM-RTO,,,ZONE,,25.60,25.438282,-0.278254,0.116535,True,1
12/9/2023 1:00:00 PM,12/9/2023 8:00:00 AM,1,PJM-RTO,,,ZONE,,23.28,23.669556,0.238928,0.150628,True,1
12/9/2023 2:00:00 PM,12/9/2023 9:00:00 AM,1,PJM-RTO,,,ZONE,,20.72,21.313654,0.372950,0.220705,True,1
12/9/2023 3:00:00 PM,12/9/2023 10:00:00 AM,1,PJM-RTO,,,ZONE,,20.05,20.796405,0.551182,0.195223,True,1
12/9/2023 4:00:00 PM,12/9/2023 11:00:00 AM,1,PJM-RTO,,,ZONE,,20.55,21.108265,0.437135,0.121130,True,1
12/9/2023 5:00:00 PM,12/9/2023 12:00:00 PM,1,PJM-RTO,,,ZONE,,19.68,20.434375,0.623676,0.130699,True,1
12/9/2023 6:00:00 PM,12/9/2023 1:00:00 PM,1,PJM-RTO,,,ZONE,,18.58,19.143412,0.488568,0.074844,True,1
12/9/2023 7:00:00 PM,12/9/2023 2:00:00 PM,1,PJM-RTO,,,ZONE,,18.93,19.556725,0.528638,0.098086,True,1
12/9/2023 8:00:00 PM,12/9/2023 3:00:00 PM,1,PJM-RTO,,,ZONE,,20.28,20.910916,0.468267,0.162649,True,1
12/9/2023 9:00:00 PM,12/9/2023 4:00:00 PM,1,PJM-RTO,,,ZONE,,28.80,28.292115,-0.441094,-0.066791,True,1
12/9/2023 10:00:00 PM,12/9/2023 5:00:00 PM,1,PJM-RTO,,,ZONE,,32.22,32.229378,-0.035218,0.044596,True,1
12/9/2023 11:00:00 PM,12/9/2023 6:00:00 PM,1,PJM-RTO,,,ZONE,,26.72,26.850326,0.005739,0.124588,True,1
12/10/2023 12:00:00 AM,12/9/2023 7:00:00 PM,1,PJM-RTO,,,ZONE,,25.79,26.219160,0.164685,0.264474,True,1
12/10/2023 1:00:00 AM,12/9/2023 8:00:00 PM,1,PJM-RTO,,,ZONE,,24.64,24.710675,-0.073316,0.143991,True,1
12/10/2023 2:00:00 AM,12/9/2023 9:00:00 PM,1,PJM-RTO,,,ZONE,,24.41,24.134964,-0.209364,-0.065672,True,1
12/10/2023 3:00:00 AM,12/9/2023 10:00:00 PM,1,PJM-RTO,,,ZONE,,21.69,21.105720,-0.416191,-0.168089,True,1
12/10/2023 4:00:00 AM,12/9/2023 11:00:00 PM,1,PJM-RTO,,,ZONE,,19.56,20.023635,0.350001,0.113633,True,1
12/10/2023 5:00:00 AM,12/10/2023 12:00:00 AM,1,PJM-RTO,,,ZONE,,17.91,18.488403,0.534093,0.044310,True,1
12/10/2023 6:00:00 AM,12/10/2023 1:00:00 AM,1,PJM-RTO,,,ZONE,,17.15,17.530121,0.369432,0.010689,True,1
12/10/2023 7:00:00 AM,12/10/2023 2:00:00 AM,1,PJM-RTO,,,ZONE,,16.77,17.222180,0.451661,0.000519,True,1
12/10/2023 8:00:00 AM,12/10/2023 3:00:00 AM,1,PJM-RTO,,,ZONE,,15.93,16.411001,0.493962,-0.012961,True,1
12/10/2023 9:00:00 AM,12/10/2023 4:00:00 AM,1,PJM-RTO,,,ZONE,,16.28,17.053267,0.727628,0.045640,True,1
12/10/2023 10:00:00 AM,12/10/2023 5:00:00 AM,1,PJM-RTO,,,ZONE,,16.84,17.415586,0.617533,-0.041947,True,1
12/10/2023 11:00:00 AM,12/10/2023 6:00:00 AM,1,PJM-RTO,,,ZONE,,18.12,18.676101,0.615401,-0.059300,True,1
12/10/2023 12:00:00 PM,12/10/2023 7:00:00 AM,1,PJM-RTO,,,ZONE,,18.75,19.449416,0.712826,-0.013410,True,1
12/10/2023 1:00:00 PM,12/10/2023 8:00:00 AM,1,PJM-RTO,,,ZONE,,21.61,22.312607,0.716988,-0.014381,True,1
12/10/2023 2:00:00 PM,12/10/2023 9:00:00 AM,1,PJM-RTO,,,ZONE,,24.00,24.486326,0.479719,0.006607,True,1
12/10/2023 3:00:00 PM,12/10/2023 10:00:00 AM,1,PJM-RTO,,,ZONE,,25.09,25.607362,0.403543,0.113818,True,1
12/10/2023 4:00:00 PM,12/10/2023 11:00:00 AM,1,PJM-RTO,,,ZONE,,25.22,25.757166,0.444544,0.092622,True,1
12/10/2023 5:00:00 PM,12/10/2023 12:00:00 PM,1,PJM-RTO,,,ZONE,,25.75,26.144725,0.316148,0.078577,True,1
12/10/2023 6:00:00 PM,12/10/2023 1:00:00 PM,1,PJM-RTO,,,ZONE,,25.11,25.534117,0.367255,0.056862,True,1
12/10/2023 7:00:00 PM,12/10/2023 2:00:00 PM,1,PJM-RTO,,,ZONE,,25.28,25.892406,0.537532,0.074874,True,1
12/10/2023 8:00:00 PM,12/10/2023 3:00:00 PM,1,PJM-RTO,,,ZONE,,25.11,26.155522,0.933734,0.111788,True,1
12/10/2023 9:00:00 PM,12/10/2023 4:00:00 PM,1,PJM-RTO,,,ZONE,,28.42,30.526563,1.962517,0.144046,True,1
12/10/2023 10:00:00 PM,12/10/2023 5:00:00 PM,1,PJM-RTO,,,ZONE,,33.50,35.935339,2.234680,0.200659,True,1
12/10/2023 11:00:00 PM,12/10/2023 6:00:00 PM,1,PJM-RTO,,,ZONE,,33.01,35.326501,2.167940,0.148560,True,1
12/11/2023 12:00:00 AM,12/10/2023 7:00:00 PM,1,PJM-RTO,,,ZONE,,32.96,34.655311,1.589469,0.105842,True,1
12/11/2023 1:00:00 AM,12/10/2023 8:00:00 PM,1,PJM-RTO,,,ZONE,,31.73,32.924889,1.062660,0.132229,True,1
12/11/2023 2:00:00 AM,12/10/2023 9:00:00 PM,1,PJM-RTO,,,ZONE,,30.01,31.081876,0.951408,0.120469,True,1
12/11/2023 3:00:00 AM,12/10/2023 10:00:00 PM,1,PJM-RTO,,,ZONE,,24.98,26.107330,1.062343,0.064988,True,1
12/11/2023 4:00:00 AM,12/10/2023 11:00:00 PM,1,PJM-RTO,,,ZONE,,23.92,24.865191,0.974381,-0.029190,True,1
12/11/2023 5:00:00 AM,12/11/2023 12:00:00 AM,1,PJM-RTO,,,ZONE,,25.53,26.363592,0.802077,0.031515,True,1
12/11/2023 6:00:00 AM,12/11/2023 1:00:00 AM,1,PJM-RTO,,,ZONE,,25.53,26.209612,0.687161,-0.007549,True,1
12/11/2023 7:00:00 AM,12/11/2023 2:00:00 AM,1,PJM-RTO,,,ZONE,,25.06,25.493614,0.430972,0.002642,True,1
12/11/2023 8:00:00 AM,12/11/2023 3:00:00 AM,1,PJM-RTO,,,ZONE,,25.48,26.011073,0.520163,0.010910,True,1
12/11/2023 9:00:00 AM,12/11/2023 4:00:00 AM,1,PJM-RTO,,,ZONE,,28.56,28.983000,0.402376,0.020624,True,1
12/11/2023 10:00:00 AM,12/11/2023 5:00:00 AM,1,PJM-RTO,,,ZONE,,31.03,32.369565,1.259786,0.079779,True,1
12/11/2023 11:00:00 AM,12/11/2023 6:00:00 AM,1,PJM-RTO,,,ZONE,,44.17,47.263260,2.933565,0.159695,True,1
12/11/2023 12:00:00 PM,12/11/2023 7:00:00 AM,1,PJM-RTO,,,ZONE,,56.44,59.991989,3.309224,0.242765,True,1
12/11/2023 1:00:00 PM,12/11/2023 8:00:00 AM,1,PJM-RTO,,,ZONE,,44.74,47.526422,2.604804,0.181618,True,1
12/11/2023 2:00:00 PM,12/11/2023 9:00:00 AM,1,PJM-RTO,,,ZONE,,34.47,36.376393,1.770102,0.136290,True,1
12/11/2023 3:00:00 PM,12/11/2023 10:00:00 AM,1,PJM-RTO,,,ZONE,,36.04,36.501851,0.275730,0.186120,True,1
12/11/2023 4:00:00 PM,12/11/2023 11:00:00 AM,1,PJM-RTO,,,ZONE,,30.95,31.550747,0.390011,0.210735,True,1
12/11/2023 5:00:00 PM,12/11/2023 12:00:00 PM,1,PJM-RTO,,,ZONE,,28.82,30.056131,1.007473,0.228658,True,1
12/11/2023 6:00:00 PM,12/11/2023 1:00:00 PM,1,PJM-RTO,,,ZONE,,26.56,27.830525,1.062637,0.207888,True,1
12/11/2023 7:00:00 PM,12/11/2023 2:00:00 PM,1,PJM-RTO,,,ZONE,,26.37,27.630379,1.040203,0.220176,True,1
12/11/2023 8:00:00 PM,12/11/2023 3:00:00 PM,1,PJM-RTO,,,ZONE,,29.17,31.307660,1.883765,0.253895,True,1
12/11/2023 9:00:00 PM,12/11/2023 4:00:00 PM,1,PJM-RTO,,,ZONE,,43.85,48.704253,4.423969,0.430285,True,1
12/11/2023 10:00:00 PM,12/11/2023 5:00:00 PM,1,PJM-RTO,,,ZONE,,71.28,82.117179,10.011751,0.825428,True,1
12/11/2023 11:00:00 PM,12/11/2023 6:00:00 PM,1,PJM-RTO,,,ZONE,,48.31,60.482702,11.625542,0.547160,True,1
12/12/2023 12:00:00 AM,12/11/2023 7:00:00 PM,1,PJM-RTO,,,ZONE,,42.35,51.933974,9.189927,0.394047,True,1
12/12/2023 1:00:00 AM,12/11/2023 8:00:00 PM,1,PJM-RTO,,,ZONE,,40.80,47.811352,6.682047,0.329304,True,1
12/12/2023 2:00:00 AM,12/11/2023 9:00:00 PM,1,PJM-RTO,,,ZONE,,36.44,42.176542,5.439101,0.297442,True,1
12/12/2023 3:00:00 AM,12/11/2023 10:00:00 PM,1,PJM-RTO,,,ZONE,,32.42,36.789797,4.160851,0.208946,True,1
12/12/2023 4:00:00 AM,12/11/2023 11:00:00 PM,1,PJM-RTO,,,ZONE,,28.42,31.993886,3.420812,0.153074,True,1
12/12/2023 5:00:00 AM,12/12/2023 12:00:00 AM,1,PJM-RTO,,,ZONE,,27.38,35.356990,7.909849,0.067141,True,1
12/12/2023 6:00:00 AM,12/12/2023 1:00:00 AM,1,PJM-RTO,,,ZONE,,24.68,31.395993,6.663146,0.052847,True,1
12/12/2023 7:00:00 AM,12/12/2023 2:00:00 AM,1,PJM-RTO,,,ZONE,,25.09,32.260303,7.126594,0.043709,True,1
12/12/2023 8:00:00 AM,12/12/2023 3:00:00 AM,1,PJM-RTO,,,ZONE,,25.77,34.282725,8.442718,0.070007,True,1
12/12/2023 9:00:00 AM,12/12/2023 4:00:00 AM,1,PJM-RTO,,,ZONE,,28.71,38.474050,9.659652,0.104398,True,1
12/12/2023 10:00:00 AM,12/12/2023 5:00:00 AM,1,PJM-RTO,,,ZONE,,33.07,47.267482,14.041532,0.155950,True,1
12/12/2023 11:00:00 AM,12/12/2023 6:00:00 AM,1,PJM-RTO,,,ZONE,,66.85,93.156643,25.573832,0.732811,True,1
12/12/2023 12:00:00 PM,12/12/2023 7:00:00 AM,1,PJM-RTO,,,ZONE,,73.26,98.200591,24.307368,0.633223,True,1
12/12/2023 1:00:00 PM,12/12/2023 8:00:00 AM,1,PJM-RTO,,,ZONE,,35.60,46.375716,10.585536,0.190180,True,1
12/12/2023 2:00:00 PM,12/12/2023 9:00:00 AM,1,PJM-RTO,,,ZONE,,28.95,32.990898,3.956518,0.084380,True,1
12/12/2023 3:00:00 PM,12/12/2023 10:00:00 AM,1,PJM-RTO,,,ZONE,,27.08,30.136665,2.950643,0.106022,True,1
12/12/2023 4:00:00 PM,12/12/2023 11:00:00 AM,1,PJM-RTO,,,ZONE,,26.30,28.251533,1.810079,0.141455,True,1
12/12/2023 5:00:00 PM,12/12/2023 12:00:00 PM,1,PJM-RTO,,,ZONE,,25.42,26.811964,1.252990,0.138973,True,1
12/12/2023 6:00:00 PM,12/12/2023 1:00:00 PM,1,PJM-RTO,,,ZONE,,23.91,25.593986,1.549405,0.134581,True,1
12/12/2023 7:00:00 PM,12/12/2023 2:00:00 PM,1,PJM-RTO,,,ZONE,,23.90,25.322833,1.228384,0.194449,True,1
12/12/2023 8:00:00 PM,12/12/2023 3:00:00 PM,1,PJM-RTO,,,ZONE,,25.14,27.633057,2.262249,0.230807,True,1
12/12/2023 9:00:00 PM,12/12/2023 4:00:00 PM,1,PJM-RTO,,,ZONE,,27.98,37.926428,9.623127,0.323301,True,1
12/12/2023 10:00:00 PM,12/12/2023 5:00:00 PM,1,PJM-RTO,,,ZONE,,48.53,65.573549,16.236951,0.806598,True,1
12/12/2023 11:00:00 PM,12/12/2023 6:00:00 PM,1,PJM-RTO,,,ZONE,,40.88,55.265839,13.677184,0.708654,True,1
12/13/2023 12:00:00 AM,12/12/2023 7:00:00 PM,1,PJM-RTO,,,ZONE,,35.73,49.909267,13.574469,0.604798,True,1
12/13/2023 1:00:00 AM,12/12/2023 8:00:00 PM,1,PJM-RTO,,,ZONE,,35.13,46.281174,10.694669,0.456504,True,1
12/13/2023 2:00:00 AM,12/12/2023 9:00:00 PM,1,PJM-RTO,,,ZONE,,31.44,39.743183,7.933706,0.369478,True,1
12/13/2023 3:00:00 AM,12/12/2023 10:00:00 PM,1,PJM-RTO,,,ZONE,,29.15,36.080075,6.614291,0.315783,True,1
12/13/2023 4:00:00 AM,12/12/2023 11:00:00 PM,1,PJM-RTO,,,ZONE,,29.40,34.491972,4.848805,0.243167,True,1
12/13/2023 5:00:00 AM,12/13/2023 12:00:00 AM,1,PJM-RTO,,,ZONE,,26.46,29.693334,3.070725,0.162609,True,1
12/13/2023 6:00:00 AM,12/13/2023 1:00:00 AM,1,PJM-RTO,,,ZONE,,26.22,29.315883,3.009063,0.086820,True,1
12/13/2023 7:00:00 AM,12/13/2023 2:00:00 AM,1,PJM-RTO,,,ZONE,,25.89,29.161728,3.146889,0.124839,True,1
12/13/2023 8:00:00 AM,12/13/2023 3:00:00 AM,1,PJM-RTO,,,ZONE,,26.30,29.656291,3.203399,0.152892,True,1
12/13/2023 9:00:00 AM,12/13/2023 4:00:00 AM,1,PJM-RTO,,,ZONE,,27.85,32.003450,3.954495,0.198955,True,1
12/13/2023 10:00:00 AM,12/13/2023 5:00:00 AM,1,PJM-RTO,,,ZONE,,30.66,36.997776,6.088770,0.249006,True,1
12/13/2023 11:00:00 AM,12/13/2023 6:00:00 AM,1,PJM-RTO,,,ZONE,,49.30,56.783446,7.259573,0.223872,True,1
12/13/2023 12:00:00 PM,12/13/2023 7:00:00 AM,1,PJM-RTO,,,ZONE,,57.62,65.606513,7.435092,0.551421,True,1
12/13/2023 1:00:00 PM,12/13/2023 8:00:00 AM,1,PJM-RTO,,,ZONE,,32.96,38.821262,5.571456,0.289806,True,1
12/13/2023 2:00:00 PM,12/13/2023 9:00:00 AM,1,PJM-RTO,,,ZONE,,27.82,29.709439,1.706516,0.182923,True,1
12/13/2023 3:00:00 PM,12/13/2023 10:00:00 AM,1,PJM-RTO,,,ZONE,,26.87,27.922265,0.904286,0.147979,True,1
12/13/2023 4:00:00 PM,12/13/2023 11:00:00 AM,1,PJM-RTO,,,ZONE,,26.96,27.498668,0.400290,0.138378,True,1
12/13/2023 5:00:00 PM,12/13/2023 12:00:00 PM,1,PJM-RTO,,,ZONE,,25.59,26.129223,0.413550,0.125674,True,1
12/13/2023 6:00:00 PM,12/13/2023 1:00:00 PM,1,PJM-RTO,,,ZONE,,24.62,25.092613,0.368567,0.104045,True,1
12/13/2023 7:00:00 PM,12/13/2023 2:00:00 PM,1,PJM-RTO,,,ZONE,,24.99,25.168214,0.070923,0.107290,True,1
12/13/2023 8:00:00 PM,12/13/2023 3:00:00 PM,1,PJM-RTO,,,ZONE,,26.59,27.291506,0.526997,0.174509,True,1
12/13/2023 9:00:00 PM,12/13/2023 4:00:00 PM,1,PJM-RTO,,,ZONE,,30.27,34.938714,4.404730,0.263983,True,1
12/13/2023 10:00:00 PM,12/13/2023 5:00:00 PM,1,PJM-RTO,,,ZONE,,46.77,52.551157,5.077454,0.703703,True,1
12/13/2023 11:00:00 PM,12/13/2023 6:00:00 PM,1,PJM-RTO,,,ZONE,,33.42,39.806474,6.042361,0.344113,True,1
12/14/2023 12:00:00 AM,12/13/2023 7:00:00 PM,1,PJM-RTO,,,ZONE,,33.08,39.363613,5.966248,0.317364,True,1
12/14/2023 1:00:00 AM,12/13/2023 8:00:00 PM,1,PJM-RTO,,,ZONE,,33.55,39.689547,5.900689,0.238858,True,1
12/14/2023 2:00:00 AM,12/13/2023 9:00:00 PM,1,PJM-RTO,,,ZONE,,31.30,36.238580,4.753537,0.185042,True,1
12/14/2023 3:00:00 AM,12/13/2023 10:00:00 PM,1,PJM-RTO,,,ZONE,,30.24,34.712679,4.281342,0.191337,True,1
12/14/2023 4:00:00 AM,12/13/2023 11:00:00 PM,1,PJM-RTO,,,ZONE,,28.65,33.605613,4.770803,0.184809,True,1
12/14/2023 5:00:00 AM,12/14/2023 12:00:00 AM,1,PJM-RTO,,,ZONE,,26.55,31.402782,4.624005,0.228776,True,1
12/14/2023 6:00:00 AM,12/14/2023 1:00:00 AM,1,PJM-RTO,,,ZONE,,25.86,30.982173,4.836395,0.285777,True,1
12/14/2023 7:00:00 AM,12/14/2023 2:00:00 AM,1,PJM-RTO,,,ZONE,,25.76,31.030311,4.915750,0.354561,True,1
12/14/2023 8:00:00 AM,12/14/2023 3:00:00 AM,1,PJM-RTO,,,ZONE,,26.25,31.904585,5.292107,0.362478,True,1
12/14/2023 9:00:00 AM,12/14/2023 4:00:00 AM,1,PJM-RTO,,,ZONE,,27.29,33.344301,5.679887,0.374413,True,1
12/14/2023 10:00:00 AM,12/14/2023 5:00:00 AM,1,PJM-RTO,,,ZONE,,31.85,39.542785,7.223188,0.469597,True,1
12/14/2023 11:00:00 AM,12/14/2023 6:00:00 AM,1,PJM-RTO,,,ZONE,,49.84,60.277055,9.507076,0.929979,True,1
12/14/2023 12:00:00 PM,12/14/2023 7:00:00 AM,1,PJM-RTO,,,ZONE,,60.66,72.521856,10.650479,1.211377,True,1
12/14/2023 1:00:00 PM,12/14/2023 8:00:00 AM,1,PJM-RTO,,,ZONE,,33.32,39.565956,5.838145,0.407810,True,1
12/14/2023 2:00:00 PM,12/14/2023 9:00:00 AM,1,PJM-RTO,,,ZONE,,27.32,28.326393,0.717727,0.288666,True,1
12/14/2023 3:00:00 PM,12/14/2023 10:00:00 AM,1,PJM-RTO,,,ZONE,,27.07,27.541773,0.194231,0.277542,True,1
12/14/2023 4:00:00 PM,12/14/2023 11:00:00 AM,1,PJM-RTO,,,ZONE,,24.99,25.313452,0.081060,0.242392,True,1
12/14/2023 5:00:00 PM,12/14/2023 12:00:00 PM,1,PJM-RTO,,,ZONE,,23.29,23.884727,0.385858,0.208870,True,1
12/14/2023 6:00:00 PM,12/14/2023 1:00:00 PM,1,PJM-RTO,,,ZONE,,22.69,23.277492,0.370683,0.216808,True,1
12/14/2023 7:00:00 PM,12/14/2023 2:00:00 PM,1,PJM-RTO,,,ZONE,,22.55,23.267150,0.466669,0.250481,True,1
12/14/2023 8:00:00 PM,12/14/2023 3:00:00 PM,1,PJM-RTO,,,ZONE,,23.28,24.938737,1.308920,0.349817,True,1
12/14/2023 9:00:00 PM,12/14/2023 4:00:00 PM,1,PJM-RTO,,,ZONE,,27.99,35.136510,6.797673,0.348837,True,1
12/14/2023 10:00:00 PM,12/14/2023 5:00:00 PM,1,PJM-RTO,,,ZONE,,38.11,48.870254,10.021171,0.739084,True,1
12/14/2023 11:00:00 PM,12/14/2023 6:00:00 PM,1,PJM-RTO,,,ZONE,,31.24,41.586345,9.792537,0.553808,True,1
12/15/2023 12:00:00 AM,12/14/2023 7:00:00 PM,1,PJM-RTO,,,ZONE,,29.34,38.782024,8.949661,0.492363,True,1
12/15/2023 1:00:00 AM,12/14/2023 8:00:00 PM,1,PJM-RTO,,,ZONE,,28.46,37.355405,8.391329,0.504076,True,1
12/15/2023 2:00:00 AM,12/14/2023 9:00:00 PM,1,PJM-RTO,,,ZONE,,26.57,34.877706,7.830527,0.477180,True,1
12/15/2023 3:00:00 AM,12/14/2023 10:00:00 PM,1,PJM-RTO,,,ZONE,,26.00,32.640203,6.153920,0.486283,True,1
12/15/2023 4:00:00 AM,12/14/2023 11:00:00 PM,1,PJM-RTO,,,ZONE,,23.94,31.633359,7.300333,0.393026,True,1
12/15/2023 5:00:00 AM,12/15/2023 12:00:00 AM,1,PJM-RTO,,,ZONE,,25.26,31.628911,6.252329,0.116582,True,1
12/15/2023 6:00:00 AM,12/15/2023 1:00:00 AM,1,PJM-RTO,,,ZONE,,22.84,32.482776,9.295327,0.347449,True,1
12/15/2023 7:00:00 AM,12/15/2023 2:00:00 AM,1,PJM-RTO,,,ZONE,,22.74,32.354336,9.244845,0.369492,True,1
12/15/2023 8:00:00 AM,12/15/2023 3:00:00 AM,1,PJM-RTO,,,ZONE,,22.88,32.198831,9.006208,0.312623,True,1
12/15/2023 9:00:00 AM,12/15/2023 4:00:00 AM,1,PJM-RTO,,,ZONE,,24.73,34.884727,9.754983,0.399744,True,1
12/15/2023 10:00:00 AM,12/15/2023 5:00:00 AM,1,PJM-RTO,,,ZONE,,26.88,38.343198,10.931937,0.531261,True,1
12/15/2023 11:00:00 AM,12/15/2023 6:00:00 AM,1,PJM-RTO,,,ZONE,,45.56,56.152936,9.690811,0.902124,True,1
12/15/2023 12:00:00 PM,12/15/2023 7:00:00 AM,1,PJM-RTO,,,ZONE,,52.78,63.831636,10.033525,1.018111,True,1
12/15/2023 1:00:00 PM,12/15/2023 8:00:00 AM,1,PJM-RTO,,,ZONE,,33.49,40.321844,6.377951,0.453894,True,1
12/15/2023 2:00:00 PM,12/15/2023 9:00:00 AM,1,PJM-RTO,,,ZONE,,26.03,27.502822,1.230828,0.241995,True,1
12/15/2023 3:00:00 PM,12/15/2023 10:00:00 AM,1,PJM-RTO,,,ZONE,,24.22,24.965295,0.556671,0.188624,True,1
12/15/2023 4:00:00 PM,12/15/2023 11:00:00 AM,1,PJM-RTO,,,ZONE,,23.40,24.207736,0.713164,0.094572,True,1
12/15/2023 5:00:00 PM,12/15/2023 12:00:00 PM,1,PJM-RTO,,,ZONE,,22.87,23.457655,0.524910,0.062745,True,1
12/15/2023 6:00:00 PM,12/15/2023 1:00:00 PM,1,PJM-RTO,,,ZONE,,22.45,23.073177,0.555756,0.067421,True,1
12/15/2023 7:00:00 PM,12/15/2023 2:00:00 PM,1,PJM-RTO,,,ZONE,,22.41,22.998626,0.508439,0.080187,True,1
12/15/2023 8:00:00 PM,12/15/2023 3:00:00 PM,1,PJM-RTO,,,ZONE,,22.84,23.704749,0.757031,0.107718,True,1
12/15/2023 9:00:00 PM,12/15/2023 4:00:00 PM,1,PJM-RTO,,,ZONE,,26.64,29.497927,2.633873,0.224053,True,1
12/15/2023 10:00:00 PM,12/15/2023 5:00:00 PM,1,PJM-RTO,,,ZONE,,31.93,37.750813,5.520618,0.300196,True,1
12/15/2023 11:00:00 PM,12/15/2023 6:00:00 PM,1,PJM-RTO,,,ZONE,,29.35,35.002393,5.458150,0.194242,True,1
12/16/2023 12:00:00 AM,12/15/2023 7:00:00 PM,1,PJM-RTO,,,ZONE,,27.74,33.415189,5.478984,0.196205,True,1
12/16/2023 1:00:00 AM,12/15/2023 8:00:00 PM,1,PJM-RTO,,,ZONE,,26.39,31.662870,5.118055,0.154815,True,1
12/16/2023 2:00:00 AM,12/15/2023 9:00:00 PM,1,PJM-RTO,,,ZONE,,25.27,31.455350,6.027550,0.157800,True,1
12/16/2023 3:00:00 AM,12/15/2023 10:00:00 PM,1,PJM-RTO,,,ZONE,,24.01,28.389466,4.209682,0.169785,True,1
12/16/2023 4:00:00 AM,12/15/2023 11:00:00 PM,1,PJM-RTO,,,ZONE,,22.27,26.291289,3.774238,0.247051,True,1
12/16/2023 5:00:00 AM,12/16/2023 12:00:00 AM,1,PJM-RTO,,,ZONE,,24.45,29.081872,4.525762,0.106110,True,1
12/16/2023 6:00:00 AM,12/16/2023 1:00:00 AM,1,PJM-RTO,,,ZONE,,23.66,26.097128,2.359519,0.077609,True,1
12/16/2023 7:00:00 AM,12/16/2023 2:00:00 AM,1,PJM-RTO,,,ZONE,,23.02,25.586386,2.453696,0.112690,True,1
12/16/2023 8:00:00 AM,12/16/2023 3:00:00 AM,1,PJM-RTO,,,ZONE,,22.86,25.632451,2.677255,0.095196,True,1
12/16/2023 9:00:00 AM,12/16/2023 4:00:00 AM,1,PJM-RTO,,,ZONE,,23.27,26.445670,3.055214,0.120456,True,1
12/16/2023 10:00:00 AM,12/16/2023 5:00:00 AM,1,PJM-RTO,,,ZONE,,23.99,28.011387,3.887597,0.133790,True,1
12/16/2023 11:00:00 AM,12/16/2023 6:00:00 AM,1,PJM-RTO,,,ZONE,,27.38,34.763594,7.093000,0.290594,True,1
12/16/2023 12:00:00 PM,12/16/2023 7:00:00 AM,1,PJM-RTO,,,ZONE,,28.63,35.535539,6.533574,0.371965,True,1
12/16/2023 1:00:00 PM,12/16/2023 8:00:00 AM,1,PJM-RTO,,,ZONE,,26.83,30.640098,3.659711,0.150388,True,1
12/16/2023 2:00:00 PM,12/16/2023 9:00:00 AM,1,PJM-RTO,,,ZONE,,23.41,23.860502,0.330815,0.119687,True,1
12/16/2023 3:00:00 PM,12/16/2023 10:00:00 AM,1,PJM-RTO,,,ZONE,,22.28,22.460312,0.138992,0.041320,True,1
12/16/2023 4:00:00 PM,12/16/2023 11:00:00 AM,1,PJM-RTO,,,ZONE,,22.12,22.246294,0.091241,0.035053,True,1
12/16/2023 5:00:00 PM,12/16/2023 12:00:00 PM,1,PJM-RTO,,,ZONE,,20.49,20.616833,0.091594,0.035238,True,1
12/16/2023 6:00:00 PM,12/16/2023 1:00:00 PM,1,PJM-RTO,,,ZONE,,20.67,20.859852,0.176223,0.013629,True,1
12/16/2023 7:00:00 PM,12/16/2023 2:00:00 PM,1,PJM-RTO,,,ZONE,,20.06,20.120779,0.038457,0.022323,True,1
12/16/2023 8:00:00 PM,12/16/2023 3:00:00 PM,1,PJM-RTO,,,ZONE,,20.30,20.670840,0.312796,0.058044,True,1
12/16/2023 9:00:00 PM,12/16/2023 4:00:00 PM,1,PJM-RTO,,,ZONE,,23.20,25.942425,2.618751,0.123675,True,1
12/16/2023 10:00:00 PM,12/16/2023 5:00:00 PM,1,PJM-RTO,,,ZONE,,26.91,32.286927,5.168141,0.208786,True,1
12/16/2023 11:00:00 PM,12/16/2023 6:00:00 PM,1,PJM-RTO,,,ZONE,,24.67,30.647366,5.824499,0.152867,True,1
12/17/2023 12:00:00 AM,12/16/2023 7:00:00 PM,1,PJM-RTO,,,ZONE,,23.45,29.043847,5.437715,0.156132,True,1
12/17/2023 1:00:00 AM,12/16/2023 8:00:00 PM,1,PJM-RTO,,,ZONE,,23.12,28.368506,5.112808,0.135698,True,1
12/17/2023 2:00:00 AM,12/16/2023 9:00:00 PM,1,PJM-RTO,,,ZONE,,22.54,27.147156,4.455549,0.151606,True,1
12/17/2023 3:00:00 AM,12/16/2023 10:00:00 PM,1,PJM-RTO,,,ZONE,,22.17,24.861678,2.572245,0.119434,True,1
12/17/2023 4:00:00 AM,12/16/2023 11:00:00 PM,1,PJM-RTO,,,ZONE,,21.07,22.539373,1.348735,0.120638,True,1
12/17/2023 5:00:00 AM,12/17/2023 12:00:00 AM,1,PJM-RTO,,,ZONE,,21.88,23.798415,1.651767,0.266649,True,1
12/17/2023 6:00:00 AM,12/17/2023 1:00:00 AM,1,PJM-RTO,,,ZONE,,20.39,22.407355,1.795739,0.221617,True,1
12/17/2023 7:00:00 AM,12/17/2023 2:00:00 AM,1,PJM-RTO,,,ZONE,,19.28,21.130606,1.657211,0.193394,True,1
12/17/2023 8:00:00 AM,12/17/2023 3:00:00 AM,1,PJM-RTO,,,ZONE,,18.38,20.312523,1.763530,0.168993,True,1
12/17/2023 9:00:00 AM,12/17/2023 4:00:00 AM,1,PJM-RTO,,,ZONE,,18.29,20.204083,1.733904,0.180179,True,1
12/17/2023 10:00:00 AM,12/17/2023 5:00:00 AM,1,PJM-RTO,,,ZONE,,18.43,20.749616,2.148545,0.171071,True,1
12/17/2023 11:00:00 AM,12/17/2023 6:00:00 AM,1,PJM-RTO,,,ZONE,,19.81,23.034527,3.045370,0.179157,True,1
12/17/2023 12:00:00 PM,12/17/2023 7:00:00 AM,1,PJM-RTO,,,ZONE,,21.41,25.235898,3.576988,0.248910,True,1
12/17/2023 1:00:00 PM,12/17/2023 8:00:00 AM,1,PJM-RTO,,,ZONE,,23.17,27.410752,4.034517,0.206235,True,1
12/17/2023 2:00:00 PM,12/17/2023 9:00:00 AM,1,PJM-RTO,,,ZONE,,24.41,28.567076,4.015512,0.141564,True,1
12/17/2023 3:00:00 PM,12/17/2023 10:00:00 AM,1,PJM-RTO,,,ZONE,,24.76,28.969236,4.081079,0.128157,True,1
12/17/2023 4:00:00 PM,12/17/2023 11:00:00 AM,1,PJM-RTO,,,ZONE,,24.57,28.500392,3.771492,0.158900,True,1
12/17/2023 5:00:00 PM,12/17/2023 12:00:00 PM,1,PJM-RTO,,,ZONE,,24.26,28.135827,3.709888,0.165940,True,1
12/17/2023 6:00:00 PM,12/17/2023 1:00:00 PM,1,PJM-RTO,,,ZONE,,23.78,27.558893,3.624479,0.154414,True,1
12/17/2023 7:00:00 PM,12/17/2023 2:00:00 PM,1,PJM-RTO,,,ZONE,,23.45,27.214953,3.585255,0.179698,True,1
12/17/2023 8:00:00 PM,12/17/2023 3:00:00 PM,1,PJM-RTO,,,ZONE,,22.80,26.912257,3.936266,0.175991,True,1
12/17/2023 9:00:00 PM,12/17/2023 4:00:00 PM,1,PJM-RTO,,,ZONE,,25.03,28.842010,3.609933,0.202076,True,1
12/17/2023 10:00:00 PM,12/17/2023 5:00:00 PM,1,PJM-RTO,,,ZONE,,28.91,35.077583,5.852576,0.315007,True,1
12/17/2023 11:00:00 PM,12/17/2023 6:00:00 PM,1,PJM-RTO,,,ZONE,,28.67,34.123825,5.164177,0.289648,True,1
12/18/2023 12:00:00 AM,12/17/2023 7:00:00 PM,1,PJM-RTO,,,ZONE,,27.07,31.741979,4.423605,0.248374,True,1
12/18/2023 1:00:00 AM,12/17/2023 8:00:00 PM,1,PJM-RTO,,,ZONE,,24.44,28.545288,3.898610,0.206678,True,1
12/18/2023 2:00:00 AM,12/17/2023 9:00:00 PM,1,PJM-RTO,,,ZONE,,22.31,25.914184,3.414149,0.190034,True,1
12/18/2023 3:00:00 AM,12/17/2023 10:00:00 PM,1,PJM-RTO,,,ZONE,,21.09,23.124561,1.871268,0.163293,True,1
12/18/2023 4:00:00 AM,12/17/2023 11:00:00 PM,1,PJM-RTO,,,ZONE,,19.40,21.367258,1.807033,0.160225,True,1
12/18/2023 5:00:00 AM,12/18/2023 12:00:00 AM,1,PJM-RTO,,,ZONE,,18.52,19.916097,1.280660,0.115437,True,1
12/18/2023 6:00:00 AM,12/18/2023 1:00:00 AM,1,PJM-RTO,,,ZONE,,17.44,18.537249,0.981163,0.116086,True,1
12/18/2023 7:00:00 AM,12/18/2023 2:00:00 AM,1,PJM-RTO,,,ZONE,,16.99,17.633922,0.578487,0.065435,True,1
12/18/2023 8:00:00 AM,12/18/2023 3:00:00 AM,1,PJM-RTO,,,ZONE,,17.14,17.795823,0.613741,0.042082,True,1
12/18/2023 9:00:00 AM,12/18/2023 4:00:00 AM,1,PJM-RTO,,,ZONE,,18.31,19.163167,0.775719,0.077447,True,1
12/18/2023 10:00:00 AM,12/18/2023 5:00:00 AM,1,PJM-RTO,,,ZONE,,20.27,21.651641,1.291886,0.089755,True,1
12/18/2023 11:00:00 AM,12/18/2023 6:00:00 AM,1,PJM-RTO,,,ZONE,,26.73,31.076386,4.233259,0.113127,True,1
12/18/2023 12:00:00 PM,12/18/2023 7:00:00 AM,1,PJM-RTO,,,ZONE,,30.03,35.628095,5.391468,0.206626,True,1
12/18/2023 1:00:00 PM,12/18/2023 8:00:00 AM,1,PJM-RTO,,,ZONE,,29.87,34.159871,4.132115,0.157756,True,1
12/18/2023 2:00:00 PM,12/18/2023 9:00:00 AM,1,PJM-RTO,,,ZONE,,30.98,34.191694,3.047149,0.164545,True,1
12/18/2023 3:00:00 PM,12/18/2023 10:00:00 AM,1,PJM-RTO,,,ZONE,,31.39,33.918377,2.341043,0.187334,True,1
12/18/2023 4:00:00 PM,12/18/2023 11:00:00 AM,1,PJM-RTO,,,ZONE,,28.82,29.750898,0.743005,0.187893,True,1
12/18/2023 5:00:00 PM,12/18/2023 12:00:00 PM,1,PJM-RTO,,,ZONE,,27.54,28.204424,0.466988,0.197436,True,1
12/18/2023 6:00:00 PM,12/18/2023 1:00:00 PM,1,PJM-RTO,,,ZONE,,26.36,26.995119,0.435285,0.199834,True,1
12/18/2023 7:00:00 PM,12/18/2023 2:00:00 PM,1,PJM-RTO,,,ZONE,,25.35,26.241121,0.700108,0.191012,True,1
12/18/2023 8:00:00 PM,12/18/2023 3:00:00 PM,1,PJM-RTO,,,ZONE,,25.88,27.778237,1.723218,0.175020,True,1
12/18/2023 9:00:00 PM,12/18/2023 4:00:00 PM,1,PJM-RTO,,,ZONE,,30.29,35.109986,4.587858,0.232128,True,1
12/18/2023 10:00:00 PM,12/18/2023 5:00:00 PM,1,PJM-RTO,,,ZONE,,42.25,48.038445,5.420117,0.368328,True,1
12/18/2023 11:00:00 PM,12/18/2023 6:00:00 PM,1,PJM-RTO,,,ZONE,,37.19,42.489273,5.023167,0.276107,True,1
12/19/2023 12:00:00 AM,12/18/2023 7:00:00 PM,1,PJM-RTO,,,ZONE,,37.79,42.864242,4.829194,0.245048,True,1
12/19/2023 1:00:00 AM,12/18/2023 8:00:00 PM,1,PJM-RTO,,,ZONE,,35.92,40.766701,4.590549,0.256153,True,1
12/19/2023 2:00:00 AM,12/18/2023 9:00:00 PM,1,PJM-RTO,,,ZONE,,34.87,39.496941,4.436196,0.190745,True,1
12/19/2023 3:00:00 AM,12/18/2023 10:00:00 PM,1,PJM-RTO,,,ZONE,,30.59,34.719818,3.994521,0.135297,True,1
12/19/2023 4:00:00 AM,12/18/2023 11:00:00 PM,1,PJM-RTO,,,ZONE,,26.36,29.928264,3.523656,0.044608,True,1
12/19/2023 5:00:00 AM,12/19/2023 12:00:00 AM,1,PJM-RTO,,,ZONE,,27.64,28.848730,0.955646,0.253083,True,1
12/19/2023 6:00:00 AM,12/19/2023 1:00:00 AM,1,PJM-RTO,,,ZONE,,25.98,27.145426,0.930581,0.234846,True,1
12/19/2023 7:00:00 AM,12/19/2023 2:00:00 AM,1,PJM-RTO,,,ZONE,,25.30,26.589019,1.069217,0.219802,True,1
12/19/2023 8:00:00 AM,12/19/2023 3:00:00 AM,1,PJM-RTO,,,ZONE,,27.05,28.551413,1.257704,0.243709,True,1
12/19/2023 9:00:00 AM,12/19/2023 4:00:00 AM,1,PJM-RTO,,,ZONE,,29.82,31.913060,1.839759,0.253301,True,1
12/19/2023 10:00:00 AM,12/19/2023 5:00:00 AM,1,PJM-RTO,,,ZONE,,32.10,36.412930,4.035173,0.277757,True,1
12/19/2023 11:00:00 AM,12/19/2023 6:00:00 AM,1,PJM-RTO,,,ZONE,,42.56,52.845947,9.898554,0.387392,True,1
12/19/2023 12:00:00 PM,12/19/2023 7:00:00 AM,1,PJM-RTO,,,ZONE,,56.54,67.376311,10.291691,0.544620,True,1
12/19/2023 1:00:00 PM,12/19/2023 8:00:00 AM,1,PJM-RTO,,,ZONE,,39.42,45.852123,5.991335,0.440788,True,1
12/19/2023 2:00:00 PM,12/19/2023 9:00:00 AM,1,PJM-RTO,,,ZONE,,31.87,33.612464,1.357341,0.385123,True,1
12/19/2023 3:00:00 PM,12/19/2023 10:00:00 AM,1,PJM-RTO,,,ZONE,,34.25,35.252221,0.536404,0.465816,True,1
12/19/2023 4:00:00 PM,12/19/2023 11:00:00 AM,1,PJM-RTO,,,ZONE,,33.39,34.447588,0.613770,0.443818,True,1
12/19/2023 5:00:00 PM,12/19/2023 12:00:00 PM,1,PJM-RTO,,,ZONE,,31.13,32.007220,0.472931,0.404289,True,1
12/19/2023 6:00:00 PM,12/19/2023 1:00:00 PM,1,PJM-RTO,,,ZONE,,29.93,30.900996,0.544017,0.426979,True,1
12/19/2023 7:00:00 PM,12/19/2023 2:00:00 PM,1,PJM-RTO,,,ZONE,,29.48,30.429421,0.513270,0.436151,True,1
12/19/2023 8:00:00 PM,12/19/2023 3:00:00 PM,1,PJM-RTO,,,ZONE,,29.53,30.893041,0.918793,0.444248,True,1
12/19/2023 9:00:00 PM,12/19/2023 4:00:00 PM,1,PJM-RTO,,,ZONE,,33.45,38.804560,4.882642,0.471918,True,1
12/19/2023 10:00:00 PM,12/19/2023 5:00:00 PM,1,PJM-RTO,,,ZONE,,50.69,60.533302,9.066480,0.776822,True,1
12/19/2023 11:00:00 PM,12/19/2023 6:00:00 PM,1,PJM-RTO,,,ZONE,,44.92,54.459335,8.992613,0.546722,True,1
12/20/2023 12:00:00 AM,12/19/2023 7:00:00 PM,1,PJM-RTO,,,ZONE,,41.45,50.849724,8.928737,0.470987,True,1
12/20/2023 1:00:00 AM,12/19/2023 8:00:00 PM,1,PJM-RTO,,,ZONE,,40.70,47.771649,6.520220,0.551429,True,1
12/20/2023 2:00:00 AM,12/19/2023 9:00:00 PM,1,PJM-RTO,,,ZONE,,39.01,44.880628,5.428218,0.442410,True,1
12/20/2023 3:00:00 AM,12/19/2023 10:00:00 PM,1,PJM-RTO,,,ZONE,,34.99,40.965668,5.484362,0.491306,True,1
12/20/2023 4:00:00 AM,12/19/2023 11:00:00 PM,1,PJM-RTO,,,ZONE,,32.40,37.654494,4.866260,0.388234,True,1
12/20/2023 5:00:00 AM,12/20/2023 12:00:00 AM,1,PJM-RTO,,,ZONE,,33.28,35.987521,2.384776,0.322745,True,1
12/20/2023 6:00:00 AM,12/20/2023 1:00:00 AM,1,PJM-RTO,,,ZONE,,32.23,35.138566,2.611835,0.296731,True,1
12/20/2023 7:00:00 AM,12/20/2023 2:00:00 AM,1,PJM-RTO,,,ZONE,,32.21,35.551463,3.039704,0.301758,True,1
12/20/2023 8:00:00 AM,12/20/2023 3:00:00 AM,1,PJM-RTO,,,ZONE,,33.12,36.847435,3.414004,0.313431,True,1
12/20/2023 9:00:00 AM,12/20/2023 4:00:00 AM,1,PJM-RTO,,,ZONE,,34.90,38.645843,3.407975,0.337869,True,1
12/20/2023 10:00:00 AM,12/20/2023 5:00:00 AM,1,PJM-RTO,,,ZONE,,39.80,44.934955,4.729876,0.405079,True,1
12/20/2023 11:00:00 AM,12/20/2023 6:00:00 AM,1,PJM-RTO,,,ZONE,,56.71,66.372794,8.972867,0.689927,True,1
12/20/2023 12:00:00 PM,12/20/2023 7:00:00 AM,1,PJM-RTO,,,ZONE,,66.08,78.123519,11.122759,0.920761,True,1
12/20/2023 1:00:00 PM,12/20/2023 8:00:00 AM,1,PJM-RTO,,,ZONE,,39.87,43.540731,3.210526,0.460205,True,1
12/20/2023 2:00:00 PM,12/20/2023 9:00:00 AM,1,PJM-RTO,,,ZONE,,30.46,30.958934,0.277401,0.221533,True,1
12/20/2023 3:00:00 PM,12/20/2023 10:00:00 AM,1,PJM-RTO,,,ZONE,,28.73,29.382195,0.384271,0.267923,True,1
12/20/2023 4:00:00 PM,12/20/2023 11:00:00 AM,1,PJM-RTO,,,ZONE,,27.47,28.039384,0.377775,0.191609,True,1
12/20/2023 5:00:00 PM,12/20/2023 12:00:00 PM,1,PJM-RTO,,,ZONE,,26.05,26.810276,0.565989,0.194286,True,1
12/20/2023 6:00:00 PM,12/20/2023 1:00:00 PM,1,PJM-RTO,,,ZONE,,25.00,25.649878,0.440776,0.209102,True,1
12/20/2023 7:00:00 PM,12/20/2023 2:00:00 PM,1,PJM-RTO,,,ZONE,,24.72,25.215342,0.282215,0.213127,True,1
12/20/2023 8:00:00 PM,12/20/2023 3:00:00 PM,1,PJM-RTO,,,ZONE,,26.22,26.704261,0.230935,0.253327,True,1
12/20/2023 9:00:00 PM,12/20/2023 4:00:00 PM,1,PJM-RTO,,,ZONE,,30.75,31.118209,0.004047,0.364162,True,1
12/20/2023 10:00:00 PM,12/20/2023 5:00:00 PM,1,PJM-RTO,,,ZONE,,42.65,45.888785,2.538385,0.700399,True,1
12/20/2023 11:00:00 PM,12/20/2023 6:00:00 PM,1,PJM-RTO,,,ZONE,,35.36,38.784671,2.680814,0.743857,True,1
12/21/2023 12:00:00 AM,12/20/2023 7:00:00 PM,1,PJM-RTO,,,ZONE,,35.12,38.522563,2.686809,0.715754,True,1
12/21/2023 1:00:00 AM,12/20/2023 8:00:00 PM,1,PJM-RTO,,,ZONE,,33.11,35.992047,2.213114,0.668933,True,1
12/21/2023 2:00:00 AM,12/20/2023 9:00:00 PM,1,PJM-RTO,,,ZONE,,32.29,35.262005,2.325497,0.646507,True,1
12/21/2023 3:00:00 AM,12/20/2023 10:00:00 PM,1,PJM-RTO,,,ZONE,,29.13,30.156268,0.496045,0.530223,True,1
12/21/2023 4:00:00 AM,12/20/2023 11:00:00 PM,1,PJM-RTO,,,ZONE,,28.96,30.047006,0.547248,0.539758,True,1
12/21/2023 5:00:00 AM,12/21/2023 12:00:00 AM,1,PJM-RTO,,,ZONE,,29.42,29.861476,0.074873,0.366603,True,1
12/21/2023 6:00:00 AM,12/21/2023 1:00:00 AM,1,PJM-RTO,,,ZONE,,28.48,29.029114,0.189191,0.359923,True,1
12/21/2023 7:00:00 AM,12/21/2023 2:00:00 AM,1,PJM-RTO,,,ZONE,,28.50,29.002815,0.125617,0.377198,True,1
12/21/2023 8:00:00 AM,12/21/2023 3:00:00 AM,1,PJM-RTO,,,ZONE,,28.79,29.313173,0.132854,0.390319,True,1
12/21/2023 9:00:00 AM,12/21/2023 4:00:00 AM,1,PJM-RTO,,,ZONE,,30.17,30.778235,0.167774,0.440461,True,1
12/21/2023 10:00:00 AM,12/21/2023 5:00:00 AM,1,PJM-RTO,,,ZONE,,33.24,34.743381,0.997613,0.505768,True,1
12/21/2023 11:00:00 AM,12/21/2023 6:00:00 AM,1,PJM-RTO,,,ZONE,,49.95,54.220556,3.566507,0.704049,True,1
12/21/2023 12:00:00 PM,12/21/2023 7:00:00 AM,1,PJM-RTO,,,ZONE,,64.51,70.862870,5.312536,1.040334,True,1
12/21/2023 1:00:00 PM,12/21/2023 8:00:00 AM,1,PJM-RTO,,,ZONE,,44.60,46.515639,1.243425,0.672214,True,1
12/21/2023 2:00:00 PM,12/21/2023 9:00:00 AM,1,PJM-RTO,,,ZONE,,31.71,32.635422,0.560224,0.365198,True,1
12/21/2023 3:00:00 PM,12/21/2023 10:00:00 AM,1,PJM-RTO,,,ZONE,,30.38,30.940977,0.303253,0.257725,True,1
12/21/2023 4:00:00 PM,12/21/2023 11:00:00 AM,1,PJM-RTO,,,ZONE,,28.49,29.012256,0.325632,0.196624,True,1
12/21/2023 5:00:00 PM,12/21/2023 12:00:00 PM,1,PJM-RTO,,,ZONE,,26.77,27.337543,0.391600,0.175943,True,1
12/21/2023 6:00:00 PM,12/21/2023 1:00:00 PM,1,PJM-RTO,,,ZONE,,26.64,27.278257,0.453525,0.184732,True,1
12/21/2023 7:00:00 PM,12/21/2023 2:00:00 PM,1,PJM-RTO,,,ZONE,,26.08,26.681990,0.406565,0.195425,True,1
12/21/2023 8:00:00 PM,12/21/2023 3:00:00 PM,1,PJM-RTO,,,ZONE,,26.99,27.502385,0.222010,0.290375,True,1
12/21/2023 9:00:00 PM,12/21/2023 4:00:00 PM,1,PJM-RTO,,,ZONE,,30.25,30.972855,0.310455,0.412400,True,1
12/21/2023 10:00:00 PM,12/21/2023 5:00:00 PM,1,PJM-RTO,,,ZONE,,39.45,40.911942,0.830035,0.631907,True,1
12/21/2023 11:00:00 PM,12/21/2023 6:00:00 PM,1,PJM-RTO,,,ZONE,,34.34,35.932751,1.023938,0.568813,True,1
12/22/2023 12:00:00 AM,12/21/2023 7:00:00 PM,1,PJM-RTO,,,ZONE,,33.24,34.812507,1.072484,0.500024,True,1
12/22/2023 1:00:00 AM,12/21/2023 8:00:00 PM,1,PJM-RTO,,,ZONE,,32.52,34.055511,1.045588,0.489923,True,1
12/22/2023 2:00:00 AM,12/21/2023 9:00:00 PM,1,PJM-RTO,,,ZONE,,31.29,32.654004,0.922270,0.441734,True,1
12/22/2023 3:00:00 AM,12/21/2023 10:00:00 PM,1,PJM-RTO,,,ZONE,,28.40,29.250773,0.466451,0.384322,True,1
12/22/2023 4:00:00 AM,12/21/2023 11:00:00 PM,1,PJM-RTO,,,ZONE,,27.51,27.995714,0.177784,0.307931,True,1
12/22/2023 5:00:00 AM,12/22/2023 12:00:00 AM,1,PJM-RTO,,,ZONE,,25.88,26.327968,0.214351,0.233617,True,1
12/22/2023 6:00:00 AM,12/22/2023 1:00:00 AM,1,PJM-RTO,,,ZONE,,24.45,24.690309,0.050779,0.189530,True,1
12/22/2023 7:00:00 AM,12/22/2023 2:00:00 AM,1,PJM-RTO,,,ZONE,,24.22,24.508761,0.076028,0.212733,True,1
12/22/2023 8:00:00 AM,12/22/2023 3:00:00 AM,1,PJM-RTO,,,ZONE,,24.32,24.639186,0.106187,0.213000,True,1
12/22/2023 9:00:00 AM,12/22/2023 4:00:00 AM,1,PJM-RTO,,,ZONE,,25.44,25.800558,0.081107,0.279451,True,1
12/22/2023 10:00:00 AM,12/22/2023 5:00:00 AM,1,PJM-RTO,,,ZONE,,28.91,29.072708,-0.183911,0.346619,True,1
12/22/2023 11:00:00 AM,12/22/2023 6:00:00 AM,1,PJM-RTO,,,ZONE,,35.50,37.229793,1.318458,0.411335,True,1
12/22/2023 12:00:00 PM,12/22/2023 7:00:00 AM,1,PJM-RTO,,,ZONE,,44.23,46.626517,1.887340,0.509177,True,1
12/22/2023 1:00:00 PM,12/22/2023 8:00:00 AM,1,PJM-RTO,,,ZONE,,34.21,35.198395,0.622214,0.366181,True,1
12/22/2023 2:00:00 PM,12/22/2023 9:00:00 AM,1,PJM-RTO,,,ZONE,,29.81,30.182968,0.083670,0.289298,True,1
12/22/2023 3:00:00 PM,12/22/2023 10:00:00 AM,1,PJM-RTO,,,ZONE,,27.68,27.915834,0.066551,0.169283,True,1
12/22/2023 4:00:00 PM,12/22/2023 11:00:00 AM,1,PJM-RTO,,,ZONE,,25.27,25.640581,0.148553,0.222028,True,1
12/22/2023 5:00:00 PM,12/22/2023 12:00:00 PM,1,PJM-RTO,,,ZONE,,24.18,24.562837,0.174292,0.208545,True,1
12/22/2023 6:00:00 PM,12/22/2023 1:00:00 PM,1,PJM-RTO,,,ZONE,,23.27,23.605290,0.141059,0.194230,True,1
12/22/2023 7:00:00 PM,12/22/2023 2:00:00 PM,1,PJM-RTO,,,ZONE,,23.37,23.573058,0.033205,0.169853,True,1
12/22/2023 8:00:00 PM,12/22/2023 3:00:00 PM,1,PJM-RTO,,,ZONE,,24.04,24.274656,0.027985,0.206672,True,1
12/22/2023 9:00:00 PM,12/22/2023 4:00:00 PM,1,PJM-RTO,,,ZONE,,28.82,29.187850,-0.091890,0.459741,True,1
12/22/2023 10:00:00 PM,12/22/2023 5:00:00 PM,1,PJM-RTO,,,ZONE,,32.68,34.428912,1.185284,0.563629,True,1
12/22/2023 11:00:00 PM,12/22/2023 6:00:00 PM,1,PJM-RTO,,,ZONE,,29.60,30.968604,0.922534,0.446071,True,1
12/23/2023 12:00:00 AM,12/22/2023 7:00:00 PM,1,PJM-RTO,,,ZONE,,28.49,29.554541,0.650230,0.414311,True,1
12/23/2023 1:00:00 AM,12/22/2023 8:00:00 PM,1,PJM-RTO,,,ZONE,,26.31,27.086861,0.402860,0.374001,True,1
12/23/2023 2:00:00 AM,12/22/2023 9:00:00 PM,1,PJM-RTO,,,ZONE,,25.04,25.507747,0.060077,0.407669,True,1
12/23/2023 3:00:00 AM,12/22/2023 10:00:00 PM,1,PJM-RTO,,,ZONE,,23.70,24.094064,-0.001805,0.395870,True,1
12/23/2023 4:00:00 AM,12/22/2023 11:00:00 PM,1,PJM-RTO,,,ZONE,,23.50,23.973735,0.101871,0.371864,True,1
12/23/2023 5:00:00 AM,12/23/2023 12:00:00 AM,1,PJM-RTO,,,ZONE,,26.49,26.207233,-0.704485,0.421718,True,1
12/23/2023 6:00:00 AM,12/23/2023 1:00:00 AM,1,PJM-RTO,,,ZONE,,23.30,23.228965,-0.433538,0.362502,True,1
12/23/2023 7:00:00 AM,12/23/2023 2:00:00 AM,1,PJM-RTO,,,ZONE,,22.85,22.712340,-0.454952,0.317292,True,1
12/23/2023 8:00:00 AM,12/23/2023 3:00:00 AM,1,PJM-RTO,,,ZONE,,22.25,22.269943,-0.299622,0.319564,True,1
12/23/2023 9:00:00 AM,12/23/2023 4:00:00 AM,1,PJM-RTO,,,ZONE,,22.80,22.853406,-0.289983,0.343389,True,1
12/23/2023 10:00:00 AM,12/23/2023 5:00:00 AM,1,PJM-RTO,,,ZONE,,24.77,24.560306,-0.532250,0.322556,True,1
12/23/2023 11:00:00 AM,12/23/2023 6:00:00 AM,1,PJM-RTO,,,ZONE,,27.58,27.892825,-0.204892,0.517718,True,1
12/23/2023 12:00:00 PM,12/23/2023 7:00:00 AM,1,PJM-RTO,,,ZONE,,29.81,30.226501,-0.190075,0.606577,True,1
12/23/2023 1:00:00 PM,12/23/2023 8:00:00 AM,1,PJM-RTO,,,ZONE,,32.31,33.084707,0.348972,0.425735,True,1
12/23/2023 2:00:00 PM,12/23/2023 9:00:00 AM,1,PJM-RTO,,,ZONE,,28.36,28.836201,0.137099,0.339102,True,1
12/23/2023 3:00:00 PM,12/23/2023 10:00:00 AM,1,PJM-RTO,,,ZONE,,26.46,27.180107,0.462129,0.257978,True,1
12/23/2023 4:00:00 PM,12/23/2023 11:00:00 AM,1,PJM-RTO,,,ZONE,,24.63,25.106925,0.274146,0.202780,True,1
12/23/2023 5:00:00 PM,12/23/2023 12:00:00 PM,1,PJM-RTO,,,ZONE,,22.97,23.386808,0.241913,0.174895,True,1
12/23/2023 6:00:00 PM,12/23/2023 1:00:00 PM,1,PJM-RTO,,,ZONE,,22.20,22.735341,0.370214,0.165128,True,1
12/23/2023 7:00:00 PM,12/23/2023 2:00:00 PM,1,PJM-RTO,,,ZONE,,21.87,22.609057,0.500181,0.238877,True,1
12/23/2023 8:00:00 PM,12/23/2023 3:00:00 PM,1,PJM-RTO,,,ZONE,,22.15,22.629573,0.250029,0.229544,True,1
12/23/2023 9:00:00 PM,12/23/2023 4:00:00 PM,1,PJM-RTO,,,ZONE,,27.13,27.784885,0.508089,0.146796,True,1
12/23/2023 10:00:00 PM,12/23/2023 5:00:00 PM,1,PJM-RTO,,,ZONE,,32.20,33.187895,0.722035,0.265860,True,1
12/23/2023 11:00:00 PM,12/23/2023 6:00:00 PM,1,PJM-RTO,,,ZONE,,28.25,29.132628,0.476455,0.406173,True,1
12/24/2023 12:00:00 AM,12/23/2023 7:00:00 PM,1,PJM-RTO,,,ZONE,,26.38,27.202888,0.448374,0.374514,True,1
12/24/2023 1:00:00 AM,12/23/2023 8:00:00 PM,1,PJM-RTO,,,ZONE,,25.40,26.277320,0.489571,0.387748,True,1
12/24/2023 2:00:00 AM,12/23/2023 9:00:00 PM,1,PJM-RTO,,,ZONE,,24.52,25.441631,0.569542,0.352089,True,1
12/24/2023 3:00:00 AM,12/23/2023 10:00:00 PM,1,PJM-RTO,,,ZONE,,21.71,22.544109,0.526259,0.307850,True,1
12/24/2023 4:00:00 AM,12/23/2023 11:00:00 PM,1,PJM-RTO,,,ZONE,,21.01,21.791362,0.449809,0.331553,True,1
12/24/2023 5:00:00 AM,12/24/2023 12:00:00 AM,1,PJM-RTO,,,ZONE,,16.67,17.249452,0.305208,0.274244,True,1
12/24/2023 6:00:00 AM,12/24/2023 1:00:00 AM,1,PJM-RTO,,,ZONE,,16.19,16.808024,0.381198,0.236826,True,1
12/24/2023 7:00:00 AM,12/24/2023 2:00:00 AM,1,PJM-RTO,,,ZONE,,15.84,16.477473,0.448876,0.188596,True,1
12/24/2023 8:00:00 AM,12/24/2023 3:00:00 AM,1,PJM-RTO,,,ZONE,,15.87,16.510077,0.459421,0.180656,True,1
12/24/2023 9:00:00 AM,12/24/2023 4:00:00 AM,1,PJM-RTO,,,ZONE,,15.68,16.323840,0.458177,0.185663,True,1
12/24/2023 10:00:00 AM,12/24/2023 5:00:00 AM,1,PJM-RTO,,,ZONE,,16.07,16.680720,0.444856,0.165863,True,1
12/24/2023 11:00:00 AM,12/24/2023 6:00:00 AM,1,PJM-RTO,,,ZONE,,16.43,17.263345,0.639243,0.194103,True,1
12/24/2023 12:00:00 PM,12/24/2023 7:00:00 AM,1,PJM-RTO,,,ZONE,,18.47,19.403298,0.658638,0.274660,True,1
12/24/2023 1:00:00 PM,12/24/2023 8:00:00 AM,1,PJM-RTO,,,ZONE,,19.25,20.411150,0.883146,0.278003,True,1
12/24/2023 2:00:00 PM,12/24/2023 9:00:00 AM,1,PJM-RTO,,,ZONE,,18.41,19.569328,0.872671,0.286656,True,1
12/24/2023 3:00:00 PM,12/24/2023 10:00:00 AM,1,PJM-RTO,,,ZONE,,17.88,18.728129,0.597543,0.250586,True,1
12/24/2023 4:00:00 PM,12/24/2023 11:00:00 AM,1,PJM-RTO,,,ZONE,,17.01,17.767938,0.481853,0.276085,True,1
12/24/2023 5:00:00 PM,12/24/2023 12:00:00 PM,1,PJM-RTO,,,ZONE,,16.79,17.545215,0.491542,0.263674,True,1
12/24/2023 6:00:00 PM,12/24/2023 1:00:00 PM,1,PJM-RTO,,,ZONE,,16.45,17.231523,0.520337,0.261186,True,1
12/24/2023 7:00:00 PM,12/24/2023 2:00:00 PM,1,PJM-RTO,,,ZONE,,16.57,17.284316,0.470212,0.244103,True,1
12/24/2023 8:00:00 PM,12/24/2023 3:00:00 PM,1,PJM-RTO,,,ZONE,,16.40,17.181640,0.524317,0.257323,True,1
12/24/2023 9:00:00 PM,12/24/2023 4:00:00 PM,1,PJM-RTO,,,ZONE,,19.77,20.729706,0.712117,0.247589,True,1
12/24/2023 10:00:00 PM,12/24/2023 5:00:00 PM,1,PJM-RTO,,,ZONE,,25.76,25.792749,-0.074653,0.107402,True,1
12/24/2023 11:00:00 PM,12/24/2023 6:00:00 PM,1,PJM-RTO,,,ZONE,,22.10,22.531801,0.201280,0.230521,True,1
12/25/2023 12:00:00 AM,12/24/2023 7:00:00 PM,1,PJM-RTO,,,ZONE,,21.00,21.964231,0.681633,0.282598,True,1
12/25/2023 1:00:00 AM,12/24/2023 8:00:00 PM,1,PJM-RTO,,,ZONE,,19.60,20.158917,0.385092,0.173825,True,1
12/25/2023 2:00:00 AM,12/24/2023 9:00:00 PM,1,PJM-RTO,,,ZONE,,19.49,19.681724,0.079242,0.112482,True,1
12/25/2023 3:00:00 AM,12/24/2023 10:00:00 PM,1,PJM-RTO,,,ZONE,,16.90,17.512765,0.426293,0.186472,True,1
12/25/2023 4:00:00 AM,12/24/2023 11:00:00 PM,1,PJM-RTO,,,ZONE,,15.41,16.164666,0.514838,0.239827,True,1
12/25/2023 5:00:00 AM,12/25/2023 12:00:00 AM,1,PJM-RTO,,,ZONE,,14.76,15.145297,0.200850,0.184447,True,1
12/25/2023 6:00:00 AM,12/25/2023 1:00:00 AM,1,PJM-RTO,,,ZONE,,14.60,15.079576,0.298684,0.180892,True,1
12/25/2023 7:00:00 AM,12/25/2023 2:00:00 AM,1,PJM-RTO,,,ZONE,,14.06,14.495293,0.287377,0.147917,True,1
12/25/2023 8:00:00 AM,12/25/2023 3:00:00 AM,1,PJM-RTO,,,ZONE,,14.04,14.512614,0.319516,0.153097,True,1
12/25/2023 9:00:00 AM,12/25/2023 4:00:00 AM,1,PJM-RTO,,,ZONE,,14.45,14.934442,0.303509,0.180933,True,1
12/25/2023 10:00:00 AM,12/25/2023 5:00:00 AM,1,PJM-RTO,,,ZONE,,15.16,15.692679,0.346888,0.185791,True,1
12/25/2023 11:00:00 AM,12/25/2023 6:00:00 AM,1,PJM-RTO,,,ZONE,,15.79,16.304320,0.308642,0.205678,True,1
12/25/2023 12:00:00 PM,12/25/2023 7:00:00 AM,1,PJM-RTO,,,ZONE,,17.42,17.451055,-0.032302,0.063356,True,1
12/25/2023 1:00:00 PM,12/25/2023 8:00:00 AM,1,PJM-RTO,,,ZONE,,17.24,17.759012,0.315867,0.203146,True,1
12/25/2023 2:00:00 PM,12/25/2023 9:00:00 AM,1,PJM-RTO,,,ZONE,,16.32,16.903626,0.386827,0.196799,True,1
12/25/2023 3:00:00 PM,12/25/2023 10:00:00 AM,1,PJM-RTO,,,ZONE,,16.35,16.941308,0.379251,0.212057,True,1
12/25/2023 4:00:00 PM,12/25/2023 11:00:00 AM,1,PJM-RTO,,,ZONE,,15.83,16.333629,0.302363,0.201266,True,1
12/25/2023 5:00:00 PM,12/25/2023 12:00:00 PM,1,PJM-RTO,,,ZONE,,16.29,16.602401,0.119895,0.192506,True,1
12/25/2023 6:00:00 PM,12/25/2023 1:00:00 PM,1,PJM-RTO,,,ZONE,,15.48,15.880021,0.240077,0.159944,True,1
12/25/2023 7:00:00 PM,12/25/2023 2:00:00 PM,1,PJM-RTO,,,ZONE,,15.67,16.038331,0.188215,0.180117,True,1
12/25/2023 8:00:00 PM,12/25/2023 3:00:00 PM,1,PJM-RTO,,,ZONE,,16.83,16.549191,-0.184109,-0.096700,True,1
12/25/2023 9:00:00 PM,12/25/2023 4:00:00 PM,1,PJM-RTO,,,ZONE,,18.59,18.815791,0.104410,0.121382,True,1
12/25/2023 10:00:00 PM,12/25/2023 5:00:00 PM,1,PJM-RTO,,,ZONE,,22.64,22.988239,0.006032,0.342207,True,1
12/25/2023 11:00:00 PM,12/25/2023 6:00:00 PM,1,PJM-RTO,,,ZONE,,22.36,22.168141,-0.264234,0.072375,True,1
12/26/2023 12:00:00 AM,12/25/2023 7:00:00 PM,1,PJM-RTO,,,ZONE,,21.96,21.704293,-0.187226,-0.068481,True,1
12/26/2023 1:00:00 AM,12/25/2023 8:00:00 PM,1,PJM-RTO,,,ZONE,,21.03,20.891072,-0.052318,-0.086611,True,1
12/26/2023 2:00:00 AM,12/25/2023 9:00:00 PM,1,PJM-RTO,,,ZONE,,17.87,18.280865,0.142145,0.268721,True,1
12/26/2023 3:00:00 AM,12/25/2023 10:00:00 PM,1,PJM-RTO,,,ZONE,,16.48,16.868781,0.132576,0.256205,True,1
12/26/2023 4:00:00 AM,12/25/2023 11:00:00 PM,1,PJM-RTO,,,ZONE,,15.76,16.075872,0.082264,0.233608,True,1
12/26/2023 5:00:00 AM,12/26/2023 12:00:00 AM,1,PJM-RTO,,,ZONE,,13.89,14.470393,0.446627,0.133766,True,1
12/26/2023 6:00:00 AM,12/26/2023 1:00:00 AM,1,PJM-RTO,,,ZONE,,13.60,14.217898,0.480862,0.137036,True,1
12/26/2023 7:00:00 AM,12/26/2023 2:00:00 AM,1,PJM-RTO,,,ZONE,,13.32,13.887620,0.435171,0.132449,True,1
12/26/2023 8:00:00 AM,12/26/2023 3:00:00 AM,1,PJM-RTO,,,ZONE,,13.29,13.792438,0.397886,0.104552,True,1
12/26/2023 9:00:00 AM,12/26/2023 4:00:00 AM,1,PJM-RTO,,,ZONE,,13.62,14.164095,0.433469,0.110626,True,1
12/26/2023 10:00:00 AM,12/26/2023 5:00:00 AM,1,PJM-RTO,,,ZONE,,15.48,15.921549,0.324604,0.116946,True,1
12/26/2023 11:00:00 AM,12/26/2023 6:00:00 AM,1,PJM-RTO,,,ZONE,,21.43,21.622142,0.164717,0.027425,True,1
12/26/2023 12:00:00 PM,12/26/2023 7:00:00 AM,1,PJM-RTO,,,ZONE,,24.98,25.202232,0.289824,-0.067592,True,1
12/26/2023 1:00:00 PM,12/26/2023 8:00:00 AM,1,PJM-RTO,,,ZONE,,26.16,26.535868,0.491563,-0.115695,True,1
12/26/2023 2:00:00 PM,12/26/2023 9:00:00 AM,1,PJM-RTO,,,ZONE,,26.24,26.697209,0.453896,0.003313,True,1
12/26/2023 3:00:00 PM,12/26/2023 10:00:00 AM,1,PJM-RTO,,,ZONE,,27.04,27.615407,0.540337,0.035070,True,1
12/26/2023 4:00:00 PM,12/26/2023 11:00:00 AM,1,PJM-RTO,,,ZONE,,26.42,26.924247,0.435636,0.068611,True,1
12/26/2023 5:00:00 PM,12/26/2023 12:00:00 PM,1,PJM-RTO,,,ZONE,,25.78,26.259393,0.413192,0.066201,True,1
12/26/2023 6:00:00 PM,12/26/2023 1:00:00 PM,1,PJM-RTO,,,ZONE,,25.59,26.033608,0.453012,-0.009405,True,1
12/26/2023 7:00:00 PM,12/26/2023 2:00:00 PM,1,PJM-RTO,,,ZONE,,26.21,26.528781,0.383219,-0.064438,True,1
12/26/2023 8:00:00 PM,12/26/2023 3:00:00 PM,1,PJM-RTO,,,ZONE,,25.62,26.110305,0.514543,-0.024238,True,1
12/26/2023 9:00:00 PM,12/26/2023 4:00:00 PM,1,PJM-RTO,,,ZONE,,27.77,28.307492,0.451956,0.085536,True,1
12/26/2023 10:00:00 PM,12/26/2023 5:00:00 PM,1,PJM-RTO,,,ZONE,,36.80,37.559605,0.474807,0.284798,True,1
12/26/2023 11:00:00 PM,12/26/2023 6:00:00 PM,1,PJM-RTO,,,ZONE,,28.62,29.192925,0.537655,0.035269,True,1
12/27/2023 12:00:00 AM,12/26/2023 7:00:00 PM,1,PJM-RTO,,,ZONE,,28.61,29.275409,0.625927,0.039482,True,1
12/27/2023 1:00:00 AM,12/26/2023 8:00:00 PM,1,PJM-RTO,,,ZONE,,26.52,27.095397,0.556424,0.018973,True,1
12/27/2023 2:00:00 AM,12/26/2023 9:00:00 PM,1,PJM-RTO,,,ZONE,,24.80,25.378519,0.600863,-0.022344,True,1
12/27/2023 3:00:00 AM,12/26/2023 10:00:00 PM,1,PJM-RTO,,,ZONE,,21.95,22.169145,0.316614,-0.097469,True,1
12/27/2023 4:00:00 AM,12/26/2023 11:00:00 PM,1,PJM-RTO,,,ZONE,,19.03,19.240188,0.100297,0.109891,True,1
12/27/2023 5:00:00 AM,12/27/2023 12:00:00 AM,1,PJM-RTO,,,ZONE,,16.71,16.791789,0.022832,0.058957,True,1
12/27/2023 6:00:00 AM,12/27/2023 1:00:00 AM,1,PJM-RTO,,,ZONE,,16.38,16.396123,0.067248,-0.051125,True,1
12/27/2023 7:00:00 AM,12/27/2023 2:00:00 AM,1,PJM-RTO,,,ZONE,,15.94,15.965787,0.091327,-0.065540,True,1
12/27/2023 8:00:00 AM,12/27/2023 3:00:00 AM,1,PJM-RTO,,,ZONE,,15.94,15.988254,0.113909,-0.065655,True,1
12/27/2023 9:00:00 AM,12/27/2023 4:00:00 AM,1,PJM-RTO,,,ZONE,,16.18,16.241804,0.088735,-0.026931,True,1
12/27/2023 10:00:00 AM,12/27/2023 5:00:00 AM,1,PJM-RTO,,,ZONE,,18.45,18.622935,0.284659,-0.111724,True,1
12/27/2023 11:00:00 AM,12/27/2023 6:00:00 AM,1,PJM-RTO,,,ZONE,,23.25,23.768427,0.514749,0.003679,True,1
12/27/2023 12:00:00 PM,12/27/2023 7:00:00 AM,1,PJM-RTO,,,ZONE,,25.79,26.379089,0.555206,0.033883,True,1
12/27/2023 1:00:00 PM,12/27/2023 8:00:00 AM,1,PJM-RTO,,,ZONE,,28.42,28.883093,0.377294,0.085798,True,1
12/27/2023 2:00:00 PM,12/27/2023 9:00:00 AM,1,PJM-RTO,,,ZONE,,27.25,27.527215,0.185489,0.091726,True,1
12/27/2023 3:00:00 PM,12/27/2023 10:00:00 AM,1,PJM-RTO,,,ZONE,,30.07,30.298452,0.057995,0.170458,True,1
12/27/2023 4:00:00 PM,12/27/2023 11:00:00 AM,1,PJM-RTO,,,ZONE,,28.37,28.590571,0.065041,0.155530,True,1
12/27/2023 5:00:00 PM,12/27/2023 12:00:00 PM,1,PJM-RTO,,,ZONE,,27.80,27.983382,0.063361,0.120021,True,1
12/27/2023 6:00:00 PM,12/27/2023 1:00:00 PM,1,PJM-RTO,,,ZONE,,27.83,28.109087,0.166514,0.112573,True,1
12/27/2023 7:00:00 PM,12/27/2023 2:00:00 PM,1,PJM-RTO,,,ZONE,,26.52,26.823237,0.179308,0.123929,True,1
12/27/2023 8:00:00 PM,12/27/2023 3:00:00 PM,1,PJM-RTO,,,ZONE,,25.24,25.611177,0.218564,0.152613,True,1
12/27/2023 9:00:00 PM,12/27/2023 4:00:00 PM,1,PJM-RTO,,,ZONE,,27.92,28.267891,0.158320,0.189572,True,1
12/27/2023 10:00:00 PM,12/27/2023 5:00:00 PM,1,PJM-RTO,,,ZONE,,30.48,30.911770,0.224109,0.207661,True,1
12/27/2023 11:00:00 PM,12/27/2023 6:00:00 PM,1,PJM-RTO,,,ZONE,,28.03,28.354181,0.136085,0.188096,True,1
12/28/2023 12:00:00 AM,12/27/2023 7:00:00 PM,1,PJM-RTO,,,ZONE,,26.65,26.893904,0.091976,0.151928,True,1
12/28/2023 1:00:00 AM,12/27/2023 8:00:00 PM,1,PJM-RTO,,,ZONE,,25.32,25.562271,0.085050,0.157221,True,1
12/28/2023 2:00:00 AM,12/27/2023 9:00:00 PM,1,PJM-RTO,,,ZONE,,24.57,24.759375,0.066862,0.122512,True,1
12/28/2023 3:00:00 AM,12/27/2023 10:00:00 PM,1,PJM-RTO,,,ZONE,,21.83,22.101342,0.205628,0.065714,True,1
12/28/2023 4:00:00 AM,12/27/2023 11:00:00 PM,1,PJM-RTO,,,ZONE,,19.38,19.525804,0.039737,0.106067,True,1
12/28/2023 5:00:00 AM,12/28/2023 12:00:00 AM,1,PJM-RTO,,,ZONE,,15.84,15.894750,0.003011,0.051739,True,1
12/28/2023 6:00:00 AM,12/28/2023 1:00:00 AM,1,PJM-RTO,,,ZONE,,16.08,16.149735,0.057396,0.012339,True,1
12/28/2023 7:00:00 AM,12/28/2023 2:00:00 AM,1,PJM-RTO,,,ZONE,,15.21,15.254367,0.043731,0.000636,True,1
12/28/2023 8:00:00 AM,12/28/2023 3:00:00 AM,1,PJM-RTO,,,ZONE,,15.21,15.263315,0.058510,-0.005195,True,1
12/28/2023 9:00:00 AM,12/28/2023 4:00:00 AM,1,PJM-RTO,,,ZONE,,15.89,15.955029,0.062232,0.002797,True,1
12/28/2023 10:00:00 AM,12/28/2023 5:00:00 AM,1,PJM-RTO,,,ZONE,,18.37,18.806367,0.441025,-0.004658,True,1
12/28/2023 11:00:00 AM,12/28/2023 6:00:00 AM,1,PJM-RTO,,,ZONE,,24.32,25.185795,0.869353,-0.003558,True,1
12/28/2023 12:00:00 PM,12/28/2023 7:00:00 AM,1,PJM-RTO,,,ZONE,,25.17,25.967318,0.770242,0.027077,True,1
12/28/2023 1:00:00 PM,12/28/2023 8:00:00 AM,1,PJM-RTO,,,ZONE,,26.15,26.769095,0.576520,0.042575,True,1
12/28/2023 2:00:00 PM,12/28/2023 9:00:00 AM,1,PJM-RTO,,,ZONE,,26.15,26.603488,0.382739,0.070749,True,1
12/28/2023 3:00:00 PM,12/28/2023 10:00:00 AM,1,PJM-RTO,,,ZONE,,26.64,26.916928,0.136154,0.140774,True,1
12/28/2023 4:00:00 PM,12/28/2023 11:00:00 AM,1,PJM-RTO,,,ZONE,,25.46,25.743415,0.056457,0.226958,True,1
12/28/2023 5:00:00 PM,12/28/2023 12:00:00 PM,1,PJM-RTO,,,ZONE,,23.96,24.249014,0.080516,0.208498,True,1
12/28/2023 6:00:00 PM,12/28/2023 1:00:00 PM,1,PJM-RTO,,,ZONE,,22.97,23.236835,0.061171,0.205664,True,1
12/28/2023 7:00:00 PM,12/28/2023 2:00:00 PM,1,PJM-RTO,,,ZONE,,22.68,23.018347,0.095944,0.242403,True,1
12/28/2023 8:00:00 PM,12/28/2023 3:00:00 PM,1,PJM-RTO,,,ZONE,,22.31,22.798115,0.355392,0.132723,True,1
12/28/2023 9:00:00 PM,12/28/2023 4:00:00 PM,1,PJM-RTO,,,ZONE,,25.59,26.112679,0.409948,0.112732,True,1
12/28/2023 10:00:00 PM,12/28/2023 5:00:00 PM,1,PJM-RTO,,,ZONE,,29.75,30.539089,0.606187,0.182902,True,1
12/28/2023 11:00:00 PM,12/28/2023 6:00:00 PM,1,PJM-RTO,,,ZONE,,27.03,27.781555,0.616729,0.134826,True,1
12/29/2023 12:00:00 AM,12/28/2023 7:00:00 PM,1,PJM-RTO,,,ZONE,,26.50,27.119368,0.534338,0.085030,True,1
12/29/2023 1:00:00 AM,12/28/2023 8:00:00 PM,1,PJM-RTO,,,ZONE,,25.76,26.417662,0.547388,0.110274,True,1
12/29/2023 2:00:00 AM,12/28/2023 9:00:00 PM,1,PJM-RTO,,,ZONE,,24.96,25.568831,0.503777,0.105053,True,1
12/29/2023 3:00:00 AM,12/28/2023 10:00:00 PM,1,PJM-RTO,,,ZONE,,22.74,23.139808,0.289862,0.109946,True,1
12/29/2023 4:00:00 AM,12/28/2023 11:00:00 PM,1,PJM-RTO,,,ZONE,,21.06,21.319789,0.158925,0.100865,True,1
12/29/2023 5:00:00 AM,12/29/2023 12:00:00 AM,1,PJM-RTO,,,ZONE,,20.14,20.442523,0.242261,0.060262,True,1
12/29/2023 6:00:00 AM,12/29/2023 1:00:00 AM,1,PJM-RTO,,,ZONE,,18.19,18.300206,0.080212,0.029994,True,1
12/29/2023 7:00:00 AM,12/29/2023 2:00:00 AM,1,PJM-RTO,,,ZONE,,17.45,17.569025,0.068331,0.050694,True,1
12/29/2023 8:00:00 AM,12/29/2023 3:00:00 AM,1,PJM-RTO,,,ZONE,,17.39,17.506294,0.075020,0.041273,True,1
12/29/2023 9:00:00 AM,12/29/2023 4:00:00 AM,1,PJM-RTO,,,ZONE,,19.45,19.739997,0.210437,0.079560,True,1
12/29/2023 10:00:00 AM,12/29/2023 5:00:00 AM,1,PJM-RTO,,,ZONE,,20.41,20.990663,0.490327,0.090336,True,1
12/29/2023 11:00:00 AM,12/29/2023 6:00:00 AM,1,PJM-RTO,,,ZONE,,24.89,25.598673,0.606988,0.101685,True,1
12/29/2023 12:00:00 PM,12/29/2023 7:00:00 AM,1,PJM-RTO,,,ZONE,,27.51,28.516609,0.889230,0.117379,True,1
12/29/2023 1:00:00 PM,12/29/2023 8:00:00 AM,1,PJM-RTO,,,ZONE,,28.14,28.464927,0.234282,0.090645,True,1
12/29/2023 2:00:00 PM,12/29/2023 9:00:00 AM,1,PJM-RTO,,,ZONE,,28.72,28.697292,-0.172343,0.149634,True,1
12/29/2023 3:00:00 PM,12/29/2023 10:00:00 AM,1,PJM-RTO,,,ZONE,,28.53,28.924061,0.177036,0.217024,True,1
12/29/2023 4:00:00 PM,12/29/2023 11:00:00 AM,1,PJM-RTO,,,ZONE,,26.47,26.773019,0.123563,0.179457,True,1
12/29/2023 5:00:00 PM,12/29/2023 12:00:00 PM,1,PJM-RTO,,,ZONE,,25.12,25.633283,0.405752,0.107531,True,1
12/29/2023 6:00:00 PM,12/29/2023 1:00:00 PM,1,PJM-RTO,,,ZONE,,23.99,24.267517,0.161813,0.115704,True,1
12/29/2023 7:00:00 PM,12/29/2023 2:00:00 PM,1,PJM-RTO,,,ZONE,,23.91,24.079769,-0.010066,0.179835,True,1
12/29/2023 8:00:00 PM,12/29/2023 3:00:00 PM,1,PJM-RTO,,,ZONE,,24.85,24.956585,-0.033160,0.139745,True,1
12/29/2023 9:00:00 PM,12/29/2023 4:00:00 PM,1,PJM-RTO,,,ZONE,,29.26,29.728200,0.252525,0.215675,True,1
12/29/2023 10:00:00 PM,12/29/2023 5:00:00 PM,1,PJM-RTO,,,ZONE,,31.94,32.314107,0.084613,0.289494,True,1
12/29/2023 11:00:00 PM,12/29/2023 6:00:00 PM,1,PJM-RTO,,,ZONE,,28.48,28.569152,-0.032000,0.121152,True,1
12/30/2023 12:00:00 AM,12/29/2023 7:00:00 PM,1,PJM-RTO,,,ZONE,,28.23,28.417742,0.064579,0.123163,True,1
12/30/2023 1:00:00 AM,12/29/2023 8:00:00 PM,1,PJM-RTO,,,ZONE,,26.55,26.725069,-0.015156,0.190226,True,1
12/30/2023 2:00:00 AM,12/29/2023 9:00:00 PM,1,PJM-RTO,,,ZONE,,25.46,26.082575,0.374114,0.248461,True,1
12/30/2023 3:00:00 AM,12/29/2023 10:00:00 PM,1,PJM-RTO,,,ZONE,,23.78,24.587584,0.627849,0.179735,True,1
12/30/2023 4:00:00 AM,12/29/2023 11:00:00 PM,1,PJM-RTO,,,ZONE,,22.02,22.374340,0.189853,0.164487,True,1
12/30/2023 5:00:00 AM,12/30/2023 12:00:00 AM,1,PJM-RTO,,,ZONE,,21.20,21.609364,0.324719,0.084646,True,1
12/30/2023 6:00:00 AM,12/30/2023 1:00:00 AM,1,PJM-RTO,,,ZONE,,19.86,20.207163,0.287329,0.059834,True,1
12/30/2023 7:00:00 AM,12/30/2023 2:00:00 AM,1,PJM-RTO,,,ZONE,,19.47,19.768567,0.219076,0.079491,True,1
12/30/2023 8:00:00 AM,12/30/2023 3:00:00 AM,1,PJM-RTO,,,ZONE,,19.40,19.661969,0.212887,0.049082,True,1
12/30/2023 9:00:00 AM,12/30/2023 4:00:00 AM,1,PJM-RTO,,,ZONE,,19.64,19.972034,0.256430,0.075604,True,1
12/30/2023 10:00:00 AM,12/30/2023 5:00:00 AM,1,PJM-RTO,,,ZONE,,19.85,20.186515,0.262123,0.074391,True,1
12/30/2023 11:00:00 AM,12/30/2023 6:00:00 AM,1,PJM-RTO,,,ZONE,,21.65,22.050067,0.278353,0.121714,True,1
12/30/2023 12:00:00 PM,12/30/2023 7:00:00 AM,1,PJM-RTO,,,ZONE,,24.63,24.756308,-0.061543,0.187851,True,1
12/30/2023 1:00:00 PM,12/30/2023 8:00:00 AM,1,PJM-RTO,,,ZONE,,23.25,24.026578,0.618989,0.157589,True,1
12/30/2023 2:00:00 PM,12/30/2023 9:00:00 AM,1,PJM-RTO,,,ZONE,,22.00,22.713879,0.586154,0.127725,True,1
12/30/2023 3:00:00 PM,12/30/2023 10:00:00 AM,1,PJM-RTO,,,ZONE,,22.82,23.098632,0.104449,0.174182,True,1
12/30/2023 4:00:00 PM,12/30/2023 11:00:00 AM,1,PJM-RTO,,,ZONE,,23.02,23.024264,-0.107071,0.111335,True,1
12/30/2023 5:00:00 PM,12/30/2023 12:00:00 PM,1,PJM-RTO,,,ZONE,,22.02,21.932817,-0.135969,0.048786,True,1
12/30/2023 6:00:00 PM,12/30/2023 1:00:00 PM,1,PJM-RTO,,,ZONE,,21.20,21.185592,-0.085791,0.071383,True,1
12/30/2023 7:00:00 PM,12/30/2023 2:00:00 PM,1,PJM-RTO,,,ZONE,,20.99,21.032151,-0.081895,0.124045,True,1
12/30/2023 8:00:00 PM,12/30/2023 3:00:00 PM,1,PJM-RTO,,,ZONE,,21.19,21.153029,-0.161609,0.124638,True,1
12/30/2023 9:00:00 PM,12/30/2023 4:00:00 PM,1,PJM-RTO,,,ZONE,,26.62,26.843510,0.004316,0.219195,True,1
12/30/2023 10:00:00 PM,12/30/2023 5:00:00 PM,1,PJM-RTO,,,ZONE,,27.69,28.072571,0.067278,0.315293,True,1
12/30/2023 11:00:00 PM,12/30/2023 6:00:00 PM,1,PJM-RTO,,,ZONE,,24.16,24.530602,0.212047,0.158555,True,1
12/31/2023 12:00:00 AM,12/30/2023 7:00:00 PM,1,PJM-RTO,,,ZONE,,23.49,23.903773,0.292577,0.121196,True,1
12/31/2023 1:00:00 AM,12/30/2023 8:00:00 PM,1,PJM-RTO,,,ZONE,,22.86,23.282050,0.277032,0.145018,True,1
12/31/2023 2:00:00 AM,12/30/2023 9:00:00 PM,1,PJM-RTO,,,ZONE,,22.75,23.149560,0.227813,0.171747,True,1
12/31/2023 3:00:00 AM,12/30/2023 10:00:00 PM,1,PJM-RTO,,,ZONE,,21.36,21.805393,0.274539,0.170854,True,1
12/31/2023 4:00:00 AM,12/30/2023 11:00:00 PM,1,PJM-RTO,,,ZONE,,19.81,20.058905,0.122569,0.126336,True,1
12/31/2023 5:00:00 AM,12/31/2023 12:00:00 AM,1,PJM-RTO,,,ZONE,,21.13,21.503206,0.250112,0.123094,True,1
