datetime_beginning_utc,Timestamp_hr_ending_FIRST,nerc_region,mkt_region,zone,load_area,Demand_MWh,is_verified
12/1/2023 5:00,12/1/2023 0:00,RTO,RTO,RTO,RTO,83745.928,FALSE
12/1/2023 6:00,12/1/2023 1:00,RTO,RTO,RTO,RTO,81889.818,FALSE
12/1/2023 7:00,12/1/2023 2:00,RTO,RTO,RTO,RTO,81169.032,FALSE
12/1/2023 8:00,12/1/2023 3:00,RTO,RTO,RTO,RTO,81517.606,FALSE
12/1/2023 9:00,12/1/2023 4:00,RTO,RTO,RTO,RTO,83283.419,FALSE
12/1/2023 10:00,12/1/2023 5:00,RTO,RTO,RTO,RTO,87902.374,FALSE
12/1/2023 11:00,12/1/2023 6:00,RTO,RTO,RTO,RTO,94945.087,FALSE
12/1/2023 12:00,12/1/2023 7:00,RTO,RTO,RTO,RTO,98998.359,FALSE
12/1/2023 13:00,12/1/2023 8:00,RTO,RTO,RTO,RTO,99009.783,FALSE
12/1/2023 14:00,12/1/2023 9:00,RTO,RTO,RTO,RTO,98503.486,FALSE
12/1/2023 15:00,12/1/2023 10:00,RTO,RTO,RTO,RTO,98139.761,FALSE
12/1/2023 16:00,12/1/2023 11:00,RTO,RTO,RTO,RTO,97628.234,FALSE
12/1/2023 17:00,12/1/2023 12:00,RTO,RTO,RTO,RTO,97099.759,FALSE
12/1/2023 18:00,12/1/2023 13:00,RTO,RTO,RTO,RTO,96268.508,FALSE
12/1/2023 19:00,12/1/2023 14:00,RTO,RTO,RTO,RTO,95620.85,FALSE
12/1/2023 20:00,12/1/2023 15:00,RTO,RTO,RTO,RTO,95412.378,FALSE
12/1/2023 21:00,12/1/2023 16:00,RTO,RTO,RTO,RTO,96966.109,FALSE
12/1/2023 22:00,12/1/2023 17:00,RTO,RTO,RTO,RTO,98871.347,FALSE
12/1/2023 23:00,12/1/2023 18:00,RTO,RTO,RTO,RTO,97355.635,FALSE
12/2/2023 0:00,12/1/2023 19:00,RTO,RTO,RTO,RTO,95064.415,FALSE
12/2/2023 1:00,12/1/2023 20:00,RTO,RTO,RTO,RTO,93106.865,FALSE
12/2/2023 2:00,12/1/2023 21:00,RTO,RTO,RTO,RTO,90253.816,FALSE
12/2/2023 3:00,12/1/2023 22:00,RTO,RTO,RTO,RTO,86179.265,FALSE
12/2/2023 4:00,12/1/2023 23:00,RTO,RTO,RTO,RTO,81748.378,FALSE
12/2/2023 5:00,12/2/2023 0:00,RTO,RTO,RTO,RTO,78156.225,FALSE
12/2/2023 6:00,12/2/2023 1:00,RTO,RTO,RTO,RTO,75559.045,FALSE
12/2/2023 7:00,12/2/2023 2:00,RTO,RTO,RTO,RTO,74020.442,FALSE
12/2/2023 8:00,12/2/2023 3:00,RTO,RTO,RTO,RTO,73493.03,FALSE
12/2/2023 9:00,12/2/2023 4:00,RTO,RTO,RTO,RTO,73742.825,FALSE
12/2/2023 10:00,12/2/2023 5:00,RTO,RTO,RTO,RTO,75156.252,FALSE
12/2/2023 11:00,12/2/2023 6:00,RTO,RTO,RTO,RTO,77779.355,FALSE
12/2/2023 12:00,12/2/2023 7:00,RTO,RTO,RTO,RTO,80439.416,FALSE
12/2/2023 13:00,12/2/2023 8:00,RTO,RTO,RTO,RTO,82745.586,FALSE
12/2/2023 14:00,12/2/2023 9:00,RTO,RTO,RTO,RTO,84158.027,FALSE
12/2/2023 15:00,12/2/2023 10:00,RTO,RTO,RTO,RTO,84477.008,FALSE
12/2/2023 16:00,12/2/2023 11:00,RTO,RTO,RTO,RTO,83628.771,FALSE
12/2/2023 17:00,12/2/2023 12:00,RTO,RTO,RTO,RTO,82662.438,FALSE
12/2/2023 18:00,12/2/2023 13:00,RTO,RTO,RTO,RTO,81762.345,FALSE
12/2/2023 19:00,12/2/2023 14:00,RTO,RTO,RTO,RTO,81333.104,FALSE
12/2/2023 20:00,12/2/2023 15:00,RTO,RTO,RTO,RTO,81913.822,FALSE
12/2/2023 21:00,12/2/2023 16:00,RTO,RTO,RTO,RTO,84363.779,FALSE
12/2/2023 22:00,12/2/2023 17:00,RTO,RTO,RTO,RTO,87674.395,FALSE
12/2/2023 23:00,12/2/2023 18:00,RTO,RTO,RTO,RTO,87510.07,FALSE
12/3/2023 0:00,12/2/2023 19:00,RTO,RTO,RTO,RTO,86390.255,FALSE
12/3/2023 1:00,12/2/2023 20:00,RTO,RTO,RTO,RTO,85099.797,FALSE
12/3/2023 2:00,12/2/2023 21:00,RTO,RTO,RTO,RTO,83092.372,FALSE
12/3/2023 3:00,12/2/2023 22:00,RTO,RTO,RTO,RTO,79872.298,FALSE
12/3/2023 4:00,12/2/2023 23:00,RTO,RTO,RTO,RTO,76423.967,FALSE
12/3/2023 5:00,12/3/2023 0:00,RTO,RTO,RTO,RTO,73526.531,FALSE
12/3/2023 6:00,12/3/2023 1:00,RTO,RTO,RTO,RTO,71354.839,FALSE
12/3/2023 7:00,12/3/2023 2:00,RTO,RTO,RTO,RTO,69912.189,FALSE
12/3/2023 8:00,12/3/2023 3:00,RTO,RTO,RTO,RTO,69312.062,FALSE
12/3/2023 9:00,12/3/2023 4:00,RTO,RTO,RTO,RTO,69370.104,FALSE
12/3/2023 10:00,12/3/2023 5:00,RTO,RTO,RTO,RTO,70373.239,FALSE
12/3/2023 11:00,12/3/2023 6:00,RTO,RTO,RTO,RTO,72378.849,FALSE
12/3/2023 12:00,12/3/2023 7:00,RTO,RTO,RTO,RTO,75093.886,FALSE
12/3/2023 13:00,12/3/2023 8:00,RTO,RTO,RTO,RTO,77946.464,FALSE
12/3/2023 14:00,12/3/2023 9:00,RTO,RTO,RTO,RTO,80267.616,FALSE
12/3/2023 15:00,12/3/2023 10:00,RTO,RTO,RTO,RTO,81574.962,FALSE
12/3/2023 16:00,12/3/2023 11:00,RTO,RTO,RTO,RTO,82416.302,FALSE
12/3/2023 17:00,12/3/2023 12:00,RTO,RTO,RTO,RTO,83031.494,FALSE
12/3/2023 18:00,12/3/2023 13:00,RTO,RTO,RTO,RTO,83084.892,FALSE
12/3/2023 19:00,12/3/2023 14:00,RTO,RTO,RTO,RTO,83112.818,FALSE
12/3/2023 20:00,12/3/2023 15:00,RTO,RTO,RTO,RTO,83607.94,FALSE
12/3/2023 21:00,12/3/2023 16:00,RTO,RTO,RTO,RTO,85995.478,FALSE
12/3/2023 22:00,12/3/2023 17:00,RTO,RTO,RTO,RTO,90174.181,FALSE
12/3/2023 23:00,12/3/2023 18:00,RTO,RTO,RTO,RTO,90644.191,FALSE
12/4/2023 0:00,12/3/2023 19:00,RTO,RTO,RTO,RTO,89910.926,FALSE
12/4/2023 1:00,12/3/2023 20:00,RTO,RTO,RTO,RTO,88787.613,FALSE
12/4/2023 2:00,12/3/2023 21:00,RTO,RTO,RTO,RTO,85922.645,FALSE
12/4/2023 3:00,12/3/2023 22:00,RTO,RTO,RTO,RTO,82190.799,FALSE
12/4/2023 4:00,12/3/2023 23:00,RTO,RTO,RTO,RTO,78593.824,FALSE
12/4/2023 5:00,12/4/2023 0:00,RTO,RTO,RTO,RTO,75820.807,FALSE
12/4/2023 6:00,12/4/2023 1:00,RTO,RTO,RTO,RTO,74407.247,FALSE
12/4/2023 7:00,12/4/2023 2:00,RTO,RTO,RTO,RTO,73968.228,FALSE
12/4/2023 8:00,12/4/2023 3:00,RTO,RTO,RTO,RTO,74557.995,FALSE
12/4/2023 9:00,12/4/2023 4:00,RTO,RTO,RTO,RTO,76881.456,FALSE
12/4/2023 10:00,12/4/2023 5:00,RTO,RTO,RTO,RTO,81913.131,FALSE
12/4/2023 11:00,12/4/2023 6:00,RTO,RTO,RTO,RTO,89755.472,FALSE
12/4/2023 12:00,12/4/2023 7:00,RTO,RTO,RTO,RTO,94842.758,FALSE
12/4/2023 13:00,12/4/2023 8:00,RTO,RTO,RTO,RTO,95128.404,FALSE
12/4/2023 14:00,12/4/2023 9:00,RTO,RTO,RTO,RTO,93787.995,FALSE
12/4/2023 15:00,12/4/2023 10:00,RTO,RTO,RTO,RTO,92928.874,FALSE
12/4/2023 16:00,12/4/2023 11:00,RTO,RTO,RTO,RTO,91972.756,FALSE
12/4/2023 17:00,12/4/2023 12:00,RTO,RTO,RTO,RTO,91260.793,FALSE
12/4/2023 18:00,12/4/2023 13:00,RTO,RTO,RTO,RTO,90999.04,FALSE
12/4/2023 19:00,12/4/2023 14:00,RTO,RTO,RTO,RTO,90927.336,FALSE
12/4/2023 20:00,12/4/2023 15:00,RTO,RTO,RTO,RTO,91685.391,FALSE
12/4/2023 21:00,12/4/2023 16:00,RTO,RTO,RTO,RTO,94860.656,FALSE
12/4/2023 22:00,12/4/2023 17:00,RTO,RTO,RTO,RTO,99700.543,FALSE
12/4/2023 23:00,12/4/2023 18:00,RTO,RTO,RTO,RTO,100288.952,FALSE
12/5/2023 0:00,12/4/2023 19:00,RTO,RTO,RTO,RTO,99411.256,FALSE
12/5/2023 1:00,12/4/2023 20:00,RTO,RTO,RTO,RTO,98301.643,FALSE
12/5/2023 2:00,12/4/2023 21:00,RTO,RTO,RTO,RTO,95189.16,FALSE
12/5/2023 3:00,12/4/2023 22:00,RTO,RTO,RTO,RTO,90899.69,FALSE
12/5/2023 4:00,12/4/2023 23:00,RTO,RTO,RTO,RTO,86672.727,FALSE
12/5/2023 5:00,12/5/2023 0:00,RTO,RTO,RTO,RTO,83837.558,FALSE
12/5/2023 6:00,12/5/2023 1:00,RTO,RTO,RTO,RTO,82170.367,FALSE
12/5/2023 7:00,12/5/2023 2:00,RTO,RTO,RTO,RTO,81580.17,FALSE
12/5/2023 8:00,12/5/2023 3:00,RTO,RTO,RTO,RTO,82113.147,FALSE
12/5/2023 9:00,12/5/2023 4:00,RTO,RTO,RTO,RTO,84100.668,FALSE
12/5/2023 10:00,12/5/2023 5:00,RTO,RTO,RTO,RTO,88997.388,FALSE
12/5/2023 11:00,12/5/2023 6:00,RTO,RTO,RTO,RTO,96740.724,FALSE
12/5/2023 12:00,12/5/2023 7:00,RTO,RTO,RTO,RTO,101358.606,FALSE
12/5/2023 13:00,12/5/2023 8:00,RTO,RTO,RTO,RTO,100667.622,FALSE
12/5/2023 14:00,12/5/2023 9:00,RTO,RTO,RTO,RTO,98625.024,FALSE
12/5/2023 15:00,12/5/2023 10:00,RTO,RTO,RTO,RTO,97410.721,FALSE
12/5/2023 16:00,12/5/2023 11:00,RTO,RTO,RTO,RTO,96383.846,FALSE
12/5/2023 17:00,12/5/2023 12:00,RTO,RTO,RTO,RTO,95224.848,FALSE
12/5/2023 18:00,12/5/2023 13:00,RTO,RTO,RTO,RTO,94914.983,FALSE
12/5/2023 19:00,12/5/2023 14:00,RTO,RTO,RTO,RTO,94877.805,FALSE
12/5/2023 20:00,12/5/2023 15:00,RTO,RTO,RTO,RTO,95842.898,FALSE
12/5/2023 21:00,12/5/2023 16:00,RTO,RTO,RTO,RTO,98771.229,FALSE
12/5/2023 22:00,12/5/2023 17:00,RTO,RTO,RTO,RTO,103040.756,FALSE
12/5/2023 23:00,12/5/2023 18:00,RTO,RTO,RTO,RTO,103098.711,FALSE
12/6/2023 0:00,12/5/2023 19:00,RTO,RTO,RTO,RTO,102102.211,FALSE
12/6/2023 1:00,12/5/2023 20:00,RTO,RTO,RTO,RTO,100682.122,FALSE
12/6/2023 2:00,12/5/2023 21:00,RTO,RTO,RTO,RTO,97467.647,FALSE
12/6/2023 3:00,12/5/2023 22:00,RTO,RTO,RTO,RTO,92640.59,FALSE
12/6/2023 4:00,12/5/2023 23:00,RTO,RTO,RTO,RTO,88112.568,FALSE
12/6/2023 5:00,12/6/2023 0:00,RTO,RTO,RTO,RTO,84829.483,FALSE
12/6/2023 6:00,12/6/2023 1:00,RTO,RTO,RTO,RTO,83062.635,FALSE
12/6/2023 7:00,12/6/2023 2:00,RTO,RTO,RTO,RTO,82515.076,FALSE
12/6/2023 8:00,12/6/2023 3:00,RTO,RTO,RTO,RTO,82626.717,FALSE
12/6/2023 9:00,12/6/2023 4:00,RTO,RTO,RTO,RTO,84352.59,FALSE
12/6/2023 10:00,12/6/2023 5:00,RTO,RTO,RTO,RTO,89033.555,FALSE
12/6/2023 11:00,12/6/2023 6:00,RTO,RTO,RTO,RTO,96390.902,FALSE
12/6/2023 12:00,12/6/2023 7:00,RTO,RTO,RTO,RTO,101275.957,FALSE
12/6/2023 13:00,12/6/2023 8:00,RTO,RTO,RTO,RTO,101715.374,FALSE
12/6/2023 14:00,12/6/2023 9:00,RTO,RTO,RTO,RTO,100853.752,FALSE
12/6/2023 15:00,12/6/2023 10:00,RTO,RTO,RTO,RTO,99473.937,FALSE
12/6/2023 16:00,12/6/2023 11:00,RTO,RTO,RTO,RTO,98565.886,FALSE
12/6/2023 17:00,12/6/2023 12:00,RTO,RTO,RTO,RTO,98115.249,FALSE
12/6/2023 18:00,12/6/2023 13:00,RTO,RTO,RTO,RTO,97914.43,FALSE
12/6/2023 19:00,12/6/2023 14:00,RTO,RTO,RTO,RTO,97849.631,FALSE
12/6/2023 20:00,12/6/2023 15:00,RTO,RTO,RTO,RTO,98524.685,FALSE
12/6/2023 21:00,12/6/2023 16:00,RTO,RTO,RTO,RTO,101226.542,FALSE
12/6/2023 22:00,12/6/2023 17:00,RTO,RTO,RTO,RTO,106208.57,FALSE
12/6/2023 23:00,12/6/2023 18:00,RTO,RTO,RTO,RTO,107510.753,FALSE
12/7/2023 0:00,12/6/2023 19:00,RTO,RTO,RTO,RTO,106980.28,FALSE
12/7/2023 1:00,12/6/2023 20:00,RTO,RTO,RTO,RTO,105855.114,FALSE
12/7/2023 2:00,12/6/2023 21:00,RTO,RTO,RTO,RTO,103043.636,FALSE
12/7/2023 3:00,12/6/2023 22:00,RTO,RTO,RTO,RTO,98215.622,FALSE
12/7/2023 4:00,12/6/2023 23:00,RTO,RTO,RTO,RTO,93801.164,FALSE
12/7/2023 5:00,12/7/2023 0:00,RTO,RTO,RTO,RTO,91005.88,FALSE
12/7/2023 6:00,12/7/2023 1:00,RTO,RTO,RTO,RTO,89383.442,FALSE
12/7/2023 7:00,12/7/2023 2:00,RTO,RTO,RTO,RTO,88889.328,FALSE
12/7/2023 8:00,12/7/2023 3:00,RTO,RTO,RTO,RTO,89275.52,FALSE
12/7/2023 9:00,12/7/2023 4:00,RTO,RTO,RTO,RTO,91145.677,FALSE
12/7/2023 10:00,12/7/2023 5:00,RTO,RTO,RTO,RTO,95820.508,FALSE
12/7/2023 11:00,12/7/2023 6:00,RTO,RTO,RTO,RTO,103118.995,FALSE
12/7/2023 12:00,12/7/2023 7:00,RTO,RTO,RTO,RTO,107379.511,FALSE
12/7/2023 13:00,12/7/2023 8:00,RTO,RTO,RTO,RTO,107263.103,FALSE
12/7/2023 14:00,12/7/2023 9:00,RTO,RTO,RTO,RTO,105279.983,FALSE
12/7/2023 15:00,12/7/2023 10:00,RTO,RTO,RTO,RTO,102869.959,FALSE
12/7/2023 16:00,12/7/2023 11:00,RTO,RTO,RTO,RTO,100051.496,FALSE
12/7/2023 17:00,12/7/2023 12:00,RTO,RTO,RTO,RTO,98554.238,FALSE
12/7/2023 18:00,12/7/2023 13:00,RTO,RTO,RTO,RTO,97318.905,FALSE
12/7/2023 19:00,12/7/2023 14:00,RTO,RTO,RTO,RTO,95970.53,FALSE
12/7/2023 20:00,12/7/2023 15:00,RTO,RTO,RTO,RTO,95880.788,FALSE
12/7/2023 21:00,12/7/2023 16:00,RTO,RTO,RTO,RTO,98566.6,FALSE
12/7/2023 22:00,12/7/2023 17:00,RTO,RTO,RTO,RTO,103173.809,FALSE
12/7/2023 23:00,12/7/2023 18:00,RTO,RTO,RTO,RTO,103528.126,FALSE
12/8/2023 0:00,12/7/2023 19:00,RTO,RTO,RTO,RTO,102554.669,FALSE
12/8/2023 1:00,12/7/2023 20:00,RTO,RTO,RTO,RTO,101229.325,FALSE
12/8/2023 2:00,12/7/2023 21:00,RTO,RTO,RTO,RTO,98263.69,FALSE
12/8/2023 3:00,12/7/2023 22:00,RTO,RTO,RTO,RTO,93675.081,FALSE
12/8/2023 4:00,12/7/2023 23:00,RTO,RTO,RTO,RTO,89040.679,FALSE
12/8/2023 5:00,12/8/2023 0:00,RTO,RTO,RTO,RTO,86059.216,FALSE
12/8/2023 6:00,12/8/2023 1:00,RTO,RTO,RTO,RTO,84614.76,FALSE
12/8/2023 7:00,12/8/2023 2:00,RTO,RTO,RTO,RTO,83840.713,FALSE
12/8/2023 8:00,12/8/2023 3:00,RTO,RTO,RTO,RTO,84220.274,FALSE
12/8/2023 9:00,12/8/2023 4:00,RTO,RTO,RTO,RTO,86137.396,FALSE
12/8/2023 10:00,12/8/2023 5:00,RTO,RTO,RTO,RTO,90759.355,FALSE
12/8/2023 11:00,12/8/2023 6:00,RTO,RTO,RTO,RTO,98002.43,FALSE
12/8/2023 12:00,12/8/2023 7:00,RTO,RTO,RTO,RTO,102258.688,FALSE
12/8/2023 13:00,12/8/2023 8:00,RTO,RTO,RTO,RTO,101434.352,FALSE
12/8/2023 14:00,12/8/2023 9:00,RTO,RTO,RTO,RTO,98141.84,FALSE
12/8/2023 15:00,12/8/2023 10:00,RTO,RTO,RTO,RTO,94298.34,FALSE
12/8/2023 16:00,12/8/2023 11:00,RTO,RTO,RTO,RTO,90759.054,FALSE
12/8/2023 17:00,12/8/2023 12:00,RTO,RTO,RTO,RTO,88716.955,FALSE
12/8/2023 18:00,12/8/2023 13:00,RTO,RTO,RTO,RTO,87592.415,FALSE
12/8/2023 19:00,12/8/2023 14:00,RTO,RTO,RTO,RTO,87035.757,FALSE
12/8/2023 20:00,12/8/2023 15:00,RTO,RTO,RTO,RTO,87375.756,FALSE
12/8/2023 21:00,12/8/2023 16:00,RTO,RTO,RTO,RTO,90101.276,FALSE
12/8/2023 22:00,12/8/2023 17:00,RTO,RTO,RTO,RTO,94895.386,FALSE
12/8/2023 23:00,12/8/2023 18:00,RTO,RTO,RTO,RTO,95026.263,FALSE
12/9/2023 0:00,12/8/2023 19:00,RTO,RTO,RTO,RTO,93783.434,FALSE
12/9/2023 1:00,12/8/2023 20:00,RTO,RTO,RTO,RTO,92551.999,FALSE
12/9/2023 2:00,12/8/2023 21:00,RTO,RTO,RTO,RTO,90360.196,FALSE
12/9/2023 3:00,12/8/2023 22:00,RTO,RTO,RTO,RTO,87108.385,FALSE
12/9/2023 4:00,12/8/2023 23:00,RTO,RTO,RTO,RTO,83193.866,FALSE
12/9/2023 5:00,12/9/2023 0:00,RTO,RTO,RTO,RTO,80104.101,FALSE
12/9/2023 6:00,12/9/2023 1:00,RTO,RTO,RTO,RTO,78246.754,FALSE
12/9/2023 7:00,12/9/2023 2:00,RTO,RTO,RTO,RTO,77112.879,FALSE
12/9/2023 8:00,12/9/2023 3:00,RTO,RTO,RTO,RTO,76906.032,FALSE
12/9/2023 9:00,12/9/2023 4:00,RTO,RTO,RTO,RTO,77710.24,FALSE
12/9/2023 10:00,12/9/2023 5:00,RTO,RTO,RTO,RTO,79531.797,FALSE
12/9/2023 11:00,12/9/2023 6:00,RTO,RTO,RTO,RTO,82465.72,FALSE
12/9/2023 12:00,12/9/2023 7:00,RTO,RTO,RTO,RTO,85553.187,FALSE
12/9/2023 13:00,12/9/2023 8:00,RTO,RTO,RTO,RTO,86933.707,FALSE
12/9/2023 14:00,12/9/2023 9:00,RTO,RTO,RTO,RTO,86312.39,FALSE
12/9/2023 15:00,12/9/2023 10:00,RTO,RTO,RTO,RTO,84961.749,FALSE
12/9/2023 16:00,12/9/2023 11:00,RTO,RTO,RTO,RTO,83411.547,FALSE
12/9/2023 17:00,12/9/2023 12:00,RTO,RTO,RTO,RTO,81601.42,FALSE
12/9/2023 18:00,12/9/2023 13:00,RTO,RTO,RTO,RTO,80844.717,FALSE
12/9/2023 19:00,12/9/2023 14:00,RTO,RTO,RTO,RTO,81194.1,FALSE
12/9/2023 20:00,12/9/2023 15:00,RTO,RTO,RTO,RTO,82012.353,FALSE
12/9/2023 21:00,12/9/2023 16:00,RTO,RTO,RTO,RTO,84494.364,FALSE
12/9/2023 22:00,12/9/2023 17:00,RTO,RTO,RTO,RTO,88488.694,FALSE
12/9/2023 23:00,12/9/2023 18:00,RTO,RTO,RTO,RTO,88672.254,FALSE
12/10/2023 0:00,12/9/2023 19:00,RTO,RTO,RTO,RTO,87932.762,FALSE
12/10/2023 1:00,12/9/2023 20:00,RTO,RTO,RTO,RTO,86763.002,FALSE
12/10/2023 2:00,12/9/2023 21:00,RTO,RTO,RTO,RTO,84807.983,FALSE
12/10/2023 3:00,12/9/2023 22:00,RTO,RTO,RTO,RTO,81754.862,FALSE
12/10/2023 4:00,12/9/2023 23:00,RTO,RTO,RTO,RTO,78366.657,FALSE
12/10/2023 5:00,12/10/2023 0:00,RTO,RTO,RTO,RTO,75095.418,FALSE
12/10/2023 6:00,12/10/2023 1:00,RTO,RTO,RTO,RTO,72948.388,FALSE
12/10/2023 7:00,12/10/2023 2:00,RTO,RTO,RTO,RTO,71669.734,FALSE
12/10/2023 8:00,12/10/2023 3:00,RTO,RTO,RTO,RTO,70995.078,FALSE
12/10/2023 9:00,12/10/2023 4:00,RTO,RTO,RTO,RTO,71192.796,FALSE
12/10/2023 10:00,12/10/2023 5:00,RTO,RTO,RTO,RTO,72118.361,FALSE
12/10/2023 11:00,12/10/2023 6:00,RTO,RTO,RTO,RTO,74243.249,FALSE
12/10/2023 12:00,12/10/2023 7:00,RTO,RTO,RTO,RTO,76764.649,FALSE
12/10/2023 13:00,12/10/2023 8:00,RTO,RTO,RTO,RTO,79729.293,FALSE
12/10/2023 14:00,12/10/2023 9:00,RTO,RTO,RTO,RTO,82374.28,FALSE
12/10/2023 15:00,12/10/2023 10:00,RTO,RTO,RTO,RTO,84167.413,FALSE
12/10/2023 16:00,12/10/2023 11:00,RTO,RTO,RTO,RTO,85205.063,FALSE
12/10/2023 17:00,12/10/2023 12:00,RTO,RTO,RTO,RTO,86075.697,FALSE
12/10/2023 18:00,12/10/2023 13:00,RTO,RTO,RTO,RTO,86387.035,FALSE
12/10/2023 19:00,12/10/2023 14:00,RTO,RTO,RTO,RTO,86558.681,FALSE
12/10/2023 20:00,12/10/2023 15:00,RTO,RTO,RTO,RTO,87161.57,FALSE
12/10/2023 21:00,12/10/2023 16:00,RTO,RTO,RTO,RTO,89800.845,FALSE
12/10/2023 22:00,12/10/2023 17:00,RTO,RTO,RTO,RTO,93810.938,FALSE
12/10/2023 23:00,12/10/2023 18:00,RTO,RTO,RTO,RTO,94014.355,FALSE
12/11/2023 0:00,12/10/2023 19:00,RTO,RTO,RTO,RTO,93229.606,FALSE
12/11/2023 1:00,12/10/2023 20:00,RTO,RTO,RTO,RTO,92146.737,FALSE
12/11/2023 2:00,12/10/2023 21:00,RTO,RTO,RTO,RTO,89403.227,FALSE
12/11/2023 3:00,12/10/2023 22:00,RTO,RTO,RTO,RTO,86205.247,FALSE
12/11/2023 4:00,12/10/2023 23:00,RTO,RTO,RTO,RTO,82603.671,FALSE
12/11/2023 5:00,12/11/2023 0:00,RTO,RTO,RTO,RTO,80082.294,FALSE
12/11/2023 6:00,12/11/2023 1:00,RTO,RTO,RTO,RTO,79065.912,FALSE
12/11/2023 7:00,12/11/2023 2:00,RTO,RTO,RTO,RTO,78857.185,FALSE
12/11/2023 8:00,12/11/2023 3:00,RTO,RTO,RTO,RTO,79919.42,FALSE
12/11/2023 9:00,12/11/2023 4:00,RTO,RTO,RTO,RTO,82574.464,FALSE
12/11/2023 10:00,12/11/2023 5:00,RTO,RTO,RTO,RTO,87563.698,FALSE
12/11/2023 11:00,12/11/2023 6:00,RTO,RTO,RTO,RTO,95500.846,FALSE
12/11/2023 12:00,12/11/2023 7:00,RTO,RTO,RTO,RTO,101175.674,FALSE
12/11/2023 13:00,12/11/2023 8:00,RTO,RTO,RTO,RTO,102238.067,FALSE
12/11/2023 14:00,12/11/2023 9:00,RTO,RTO,RTO,RTO,100626.471,FALSE
12/11/2023 15:00,12/11/2023 10:00,RTO,RTO,RTO,RTO,99098.897,FALSE
12/11/2023 16:00,12/11/2023 11:00,RTO,RTO,RTO,RTO,98741.122,FALSE
12/11/2023 17:00,12/11/2023 12:00,RTO,RTO,RTO,RTO,98556.624,FALSE
12/11/2023 18:00,12/11/2023 13:00,RTO,RTO,RTO,RTO,98097.046,FALSE
12/11/2023 19:00,12/11/2023 14:00,RTO,RTO,RTO,RTO,97390.854,FALSE
12/11/2023 20:00,12/11/2023 15:00,RTO,RTO,RTO,RTO,97773.796,FALSE
12/11/2023 21:00,12/11/2023 16:00,RTO,RTO,RTO,RTO,101337.077,FALSE
12/11/2023 22:00,12/11/2023 17:00,RTO,RTO,RTO,RTO,107103.277,FALSE
12/11/2023 23:00,12/11/2023 18:00,RTO,RTO,RTO,RTO,108448.101,FALSE
12/12/2023 0:00,12/11/2023 19:00,RTO,RTO,RTO,RTO,107785.35,FALSE
12/12/2023 1:00,12/11/2023 20:00,RTO,RTO,RTO,RTO,106598.685,FALSE
12/12/2023 2:00,12/11/2023 21:00,RTO,RTO,RTO,RTO,104027.09,FALSE
12/12/2023 3:00,12/11/2023 22:00,RTO,RTO,RTO,RTO,99573.28,FALSE
12/12/2023 4:00,12/11/2023 23:00,RTO,RTO,RTO,RTO,95327.585,FALSE
12/12/2023 5:00,12/12/2023 0:00,RTO,RTO,RTO,RTO,92556.583,FALSE
12/12/2023 6:00,12/12/2023 1:00,RTO,RTO,RTO,RTO,91354.568,FALSE
12/12/2023 7:00,12/12/2023 2:00,RTO,RTO,RTO,RTO,90956.281,FALSE
12/12/2023 8:00,12/12/2023 3:00,RTO,RTO,RTO,RTO,91646.386,FALSE
12/12/2023 9:00,12/12/2023 4:00,RTO,RTO,RTO,RTO,94086.545,FALSE
12/12/2023 10:00,12/12/2023 5:00,RTO,RTO,RTO,RTO,99270.713,FALSE
12/12/2023 11:00,12/12/2023 6:00,RTO,RTO,RTO,RTO,107272.375,FALSE
12/12/2023 12:00,12/12/2023 7:00,RTO,RTO,RTO,RTO,111947.068,FALSE
12/12/2023 13:00,12/12/2023 8:00,RTO,RTO,RTO,RTO,109961.306,FALSE
12/12/2023 14:00,12/12/2023 9:00,RTO,RTO,RTO,RTO,104596.291,FALSE
12/12/2023 15:00,12/12/2023 10:00,RTO,RTO,RTO,RTO,99735.455,FALSE
12/12/2023 16:00,12/12/2023 11:00,RTO,RTO,RTO,RTO,96122.705,FALSE
12/12/2023 17:00,12/12/2023 12:00,RTO,RTO,RTO,RTO,93895.399,FALSE
12/12/2023 18:00,12/12/2023 13:00,RTO,RTO,RTO,RTO,92521.24,FALSE
12/12/2023 19:00,12/12/2023 14:00,RTO,RTO,RTO,RTO,91811.976,FALSE
12/12/2023 20:00,12/12/2023 15:00,RTO,RTO,RTO,RTO,93022.876,FALSE
12/12/2023 21:00,12/12/2023 16:00,RTO,RTO,RTO,RTO,97271.583,FALSE
12/12/2023 22:00,12/12/2023 17:00,RTO,RTO,RTO,RTO,103960.835,FALSE
12/12/2023 23:00,12/12/2023 18:00,RTO,RTO,RTO,RTO,105695.962,FALSE
12/13/2023 0:00,12/12/2023 19:00,RTO,RTO,RTO,RTO,105516.953,FALSE
12/13/2023 1:00,12/12/2023 20:00,RTO,RTO,RTO,RTO,104727.735,FALSE
12/13/2023 2:00,12/12/2023 21:00,RTO,RTO,RTO,RTO,102031.109,FALSE
12/13/2023 3:00,12/12/2023 22:00,RTO,RTO,RTO,RTO,97874.998,FALSE
12/13/2023 4:00,12/12/2023 23:00,RTO,RTO,RTO,RTO,93505.499,FALSE
12/13/2023 5:00,12/13/2023 0:00,RTO,RTO,RTO,RTO,90266.048,FALSE
12/13/2023 6:00,12/13/2023 1:00,RTO,RTO,RTO,RTO,88735.417,FALSE
12/13/2023 7:00,12/13/2023 2:00,RTO,RTO,RTO,RTO,88440.73,FALSE
12/13/2023 8:00,12/13/2023 3:00,RTO,RTO,RTO,RTO,88959.8,FALSE
12/13/2023 9:00,12/13/2023 4:00,RTO,RTO,RTO,RTO,91212.781,FALSE
12/13/2023 10:00,12/13/2023 5:00,RTO,RTO,RTO,RTO,96300.623,FALSE
12/13/2023 11:00,12/13/2023 6:00,RTO,RTO,RTO,RTO,103787.226,FALSE
12/13/2023 12:00,12/13/2023 7:00,RTO,RTO,RTO,RTO,108339.649,FALSE
12/13/2023 13:00,12/13/2023 8:00,RTO,RTO,RTO,RTO,106979.675,FALSE
12/13/2023 14:00,12/13/2023 9:00,RTO,RTO,RTO,RTO,102393.966,FALSE
12/13/2023 15:00,12/13/2023 10:00,RTO,RTO,RTO,RTO,98047.239,FALSE
12/13/2023 16:00,12/13/2023 11:00,RTO,RTO,RTO,RTO,94934.108,FALSE
12/13/2023 17:00,12/13/2023 12:00,RTO,RTO,RTO,RTO,93193.648,FALSE
12/13/2023 18:00,12/13/2023 13:00,RTO,RTO,RTO,RTO,92600.708,FALSE
12/13/2023 19:00,12/13/2023 14:00,RTO,RTO,RTO,RTO,91973.07,FALSE
12/13/2023 20:00,12/13/2023 15:00,RTO,RTO,RTO,RTO,93339.653,FALSE
12/13/2023 21:00,12/13/2023 16:00,RTO,RTO,RTO,RTO,97224.694,FALSE
12/13/2023 22:00,12/13/2023 17:00,RTO,RTO,RTO,RTO,103777.543,FALSE
12/13/2023 23:00,12/13/2023 18:00,RTO,RTO,RTO,RTO,105812.388,FALSE
12/14/2023 0:00,12/13/2023 19:00,RTO,RTO,RTO,RTO,105727.71,FALSE
12/14/2023 1:00,12/13/2023 20:00,RTO,RTO,RTO,RTO,105419.516,FALSE
12/14/2023 2:00,12/13/2023 21:00,RTO,RTO,RTO,RTO,103158.089,FALSE
12/14/2023 3:00,12/13/2023 22:00,RTO,RTO,RTO,RTO,99030.92,FALSE
12/14/2023 4:00,12/13/2023 23:00,RTO,RTO,RTO,RTO,95068.837,FALSE
12/14/2023 5:00,12/14/2023 0:00,RTO,RTO,RTO,RTO,92459.337,FALSE
12/14/2023 6:00,12/14/2023 1:00,RTO,RTO,RTO,RTO,91322.864,FALSE
12/14/2023 7:00,12/14/2023 2:00,RTO,RTO,RTO,RTO,91097.079,FALSE
12/14/2023 8:00,12/14/2023 3:00,RTO,RTO,RTO,RTO,91888.284,FALSE
12/14/2023 9:00,12/14/2023 4:00,RTO,RTO,RTO,RTO,94241.245,FALSE
12/14/2023 10:00,12/14/2023 5:00,RTO,RTO,RTO,RTO,99384.67,FALSE
12/14/2023 11:00,12/14/2023 6:00,RTO,RTO,RTO,RTO,107449.997,FALSE
12/14/2023 12:00,12/14/2023 7:00,RTO,RTO,RTO,RTO,112368.985,FALSE
12/14/2023 13:00,12/14/2023 8:00,RTO,RTO,RTO,RTO,111120.586,FALSE
12/14/2023 14:00,12/14/2023 9:00,RTO,RTO,RTO,RTO,105566.486,FALSE
12/14/2023 15:00,12/14/2023 10:00,RTO,RTO,RTO,RTO,100646.636,FALSE
12/14/2023 16:00,12/14/2023 11:00,RTO,RTO,RTO,RTO,97222.482,FALSE
12/14/2023 17:00,12/14/2023 12:00,RTO,RTO,RTO,RTO,94712.961,FALSE
12/14/2023 18:00,12/14/2023 13:00,RTO,RTO,RTO,RTO,93011.87,FALSE
12/14/2023 19:00,12/14/2023 14:00,RTO,RTO,RTO,RTO,92332.277,FALSE
12/14/2023 20:00,12/14/2023 15:00,RTO,RTO,RTO,RTO,93415.591,FALSE
12/14/2023 21:00,12/14/2023 16:00,RTO,RTO,RTO,RTO,97313.672,FALSE
12/14/2023 22:00,12/14/2023 17:00,RTO,RTO,RTO,RTO,103824.593,FALSE
12/14/2023 23:00,12/14/2023 18:00,RTO,RTO,RTO,RTO,105623.558,FALSE
12/15/2023 0:00,12/14/2023 19:00,RTO,RTO,RTO,RTO,105831.112,FALSE
12/15/2023 1:00,12/14/2023 20:00,RTO,RTO,RTO,RTO,105282.354,FALSE
12/15/2023 2:00,12/14/2023 21:00,RTO,RTO,RTO,RTO,103130.244,FALSE
12/15/2023 3:00,12/14/2023 22:00,RTO,RTO,RTO,RTO,99220.564,FALSE
12/15/2023 4:00,12/14/2023 23:00,RTO,RTO,RTO,RTO,94994.254,FALSE
12/15/2023 5:00,12/15/2023 0:00,RTO,RTO,RTO,RTO,92099.464,FALSE
12/15/2023 6:00,12/15/2023 1:00,RTO,RTO,RTO,RTO,90652.114,FALSE
12/15/2023 7:00,12/15/2023 2:00,RTO,RTO,RTO,RTO,90209.511,FALSE
12/15/2023 8:00,12/15/2023 3:00,RTO,RTO,RTO,RTO,90625.817,FALSE
12/15/2023 9:00,12/15/2023 4:00,RTO,RTO,RTO,RTO,92642.486,FALSE
12/15/2023 10:00,12/15/2023 5:00,RTO,RTO,RTO,RTO,97177.441,FALSE
12/15/2023 11:00,12/15/2023 6:00,RTO,RTO,RTO,RTO,104309.229,FALSE
12/15/2023 12:00,12/15/2023 7:00,RTO,RTO,RTO,RTO,108830.328,FALSE
12/15/2023 13:00,12/15/2023 8:00,RTO,RTO,RTO,RTO,107192.68,FALSE
12/15/2023 14:00,12/15/2023 9:00,RTO,RTO,RTO,RTO,101923.771,FALSE
12/15/2023 15:00,12/15/2023 10:00,RTO,RTO,RTO,RTO,97103.086,FALSE
12/15/2023 16:00,12/15/2023 11:00,RTO,RTO,RTO,RTO,93001.542,FALSE
12/15/2023 17:00,12/15/2023 12:00,RTO,RTO,RTO,RTO,90109.444,FALSE
12/15/2023 18:00,12/15/2023 13:00,RTO,RTO,RTO,RTO,88185.099,FALSE
12/15/2023 19:00,12/15/2023 14:00,RTO,RTO,RTO,RTO,87344.093,FALSE
12/15/2023 20:00,12/15/2023 15:00,RTO,RTO,RTO,RTO,87691.02,FALSE
12/15/2023 21:00,12/15/2023 16:00,RTO,RTO,RTO,RTO,90685.856,FALSE
12/15/2023 22:00,12/15/2023 17:00,RTO,RTO,RTO,RTO,96210.34,FALSE
12/15/2023 23:00,12/15/2023 18:00,RTO,RTO,RTO,RTO,97109.577,FALSE
12/16/2023 0:00,12/15/2023 19:00,RTO,RTO,RTO,RTO,96717.89,FALSE
12/16/2023 1:00,12/15/2023 20:00,RTO,RTO,RTO,RTO,96170.137,FALSE
12/16/2023 2:00,12/15/2023 21:00,RTO,RTO,RTO,RTO,94700.7,FALSE
12/16/2023 3:00,12/15/2023 22:00,RTO,RTO,RTO,RTO,91877.513,FALSE
12/16/2023 4:00,12/15/2023 23:00,RTO,RTO,RTO,RTO,88204.406,FALSE
12/16/2023 5:00,12/16/2023 0:00,RTO,RTO,RTO,RTO,85531.638,FALSE
12/16/2023 6:00,12/16/2023 1:00,RTO,RTO,RTO,RTO,84033.126,FALSE
12/16/2023 7:00,12/16/2023 2:00,RTO,RTO,RTO,RTO,83372.622,FALSE
12/16/2023 8:00,12/16/2023 3:00,RTO,RTO,RTO,RTO,83394.409,FALSE
12/16/2023 9:00,12/16/2023 4:00,RTO,RTO,RTO,RTO,84388.944,FALSE
12/16/2023 10:00,12/16/2023 5:00,RTO,RTO,RTO,RTO,86816.616,FALSE
12/16/2023 11:00,12/16/2023 6:00,RTO,RTO,RTO,RTO,90293.664,FALSE
12/16/2023 12:00,12/16/2023 7:00,RTO,RTO,RTO,RTO,93609.196,FALSE
12/16/2023 13:00,12/16/2023 8:00,RTO,RTO,RTO,RTO,94770.685,FALSE
12/16/2023 14:00,12/16/2023 9:00,RTO,RTO,RTO,RTO,92449.476,FALSE
12/16/2023 15:00,12/16/2023 10:00,RTO,RTO,RTO,RTO,88956.145,FALSE
12/16/2023 16:00,12/16/2023 11:00,RTO,RTO,RTO,RTO,86108.869,FALSE
12/16/2023 17:00,12/16/2023 12:00,RTO,RTO,RTO,RTO,84180.983,FALSE
12/16/2023 18:00,12/16/2023 13:00,RTO,RTO,RTO,RTO,82883.396,FALSE
12/16/2023 19:00,12/16/2023 14:00,RTO,RTO,RTO,RTO,82420.645,FALSE
12/16/2023 20:00,12/16/2023 15:00,RTO,RTO,RTO,RTO,83486.512,FALSE
12/16/2023 21:00,12/16/2023 16:00,RTO,RTO,RTO,RTO,86515.425,FALSE
12/16/2023 22:00,12/16/2023 17:00,RTO,RTO,RTO,RTO,91403.033,FALSE
12/16/2023 23:00,12/16/2023 18:00,RTO,RTO,RTO,RTO,91819.095,FALSE
12/17/2023 0:00,12/16/2023 19:00,RTO,RTO,RTO,RTO,91209.303,FALSE
12/17/2023 1:00,12/16/2023 20:00,RTO,RTO,RTO,RTO,90352.655,FALSE
12/17/2023 2:00,12/16/2023 21:00,RTO,RTO,RTO,RTO,88496.002,FALSE
12/17/2023 3:00,12/16/2023 22:00,RTO,RTO,RTO,RTO,85658.254,FALSE
12/17/2023 4:00,12/16/2023 23:00,RTO,RTO,RTO,RTO,82232.252,FALSE
12/17/2023 5:00,12/17/2023 0:00,RTO,RTO,RTO,RTO,79041.551,FALSE
12/17/2023 6:00,12/17/2023 1:00,RTO,RTO,RTO,RTO,76794.492,FALSE
12/17/2023 7:00,12/17/2023 2:00,RTO,RTO,RTO,RTO,75418.171,FALSE
12/17/2023 8:00,12/17/2023 3:00,RTO,RTO,RTO,RTO,74690.497,FALSE
12/17/2023 9:00,12/17/2023 4:00,RTO,RTO,RTO,RTO,74700.292,FALSE
12/17/2023 10:00,12/17/2023 5:00,RTO,RTO,RTO,RTO,75595.647,FALSE
12/17/2023 11:00,12/17/2023 6:00,RTO,RTO,RTO,RTO,77640.611,FALSE
12/17/2023 12:00,12/17/2023 7:00,RTO,RTO,RTO,RTO,80303.197,FALSE
12/17/2023 13:00,12/17/2023 8:00,RTO,RTO,RTO,RTO,82975.163,FALSE
12/17/2023 14:00,12/17/2023 9:00,RTO,RTO,RTO,RTO,84975.322,FALSE
12/17/2023 15:00,12/17/2023 10:00,RTO,RTO,RTO,RTO,86135.475,FALSE
12/17/2023 16:00,12/17/2023 11:00,RTO,RTO,RTO,RTO,86504.673,FALSE
12/17/2023 17:00,12/17/2023 12:00,RTO,RTO,RTO,RTO,87071.984,FALSE
12/17/2023 18:00,12/17/2023 13:00,RTO,RTO,RTO,RTO,86925.332,FALSE
12/17/2023 19:00,12/17/2023 14:00,RTO,RTO,RTO,RTO,86966.12,FALSE
12/17/2023 20:00,12/17/2023 15:00,RTO,RTO,RTO,RTO,87377.049,FALSE
12/17/2023 21:00,12/17/2023 16:00,RTO,RTO,RTO,RTO,89726.833,FALSE
12/17/2023 22:00,12/17/2023 17:00,RTO,RTO,RTO,RTO,93185.313,FALSE
12/17/2023 23:00,12/17/2023 18:00,RTO,RTO,RTO,RTO,93221.358,FALSE
12/18/2023 0:00,12/17/2023 19:00,RTO,RTO,RTO,RTO,92525.283,FALSE
12/18/2023 1:00,12/17/2023 20:00,RTO,RTO,RTO,RTO,90808.237,FALSE
12/18/2023 2:00,12/17/2023 21:00,RTO,RTO,RTO,RTO,87657.54,FALSE
12/18/2023 3:00,12/17/2023 22:00,RTO,RTO,RTO,RTO,83788.588,FALSE
12/18/2023 4:00,12/17/2023 23:00,RTO,RTO,RTO,RTO,79833.772,FALSE
12/18/2023 5:00,12/18/2023 0:00,RTO,RTO,RTO,RTO,76616.365,FALSE
12/18/2023 6:00,12/18/2023 1:00,RTO,RTO,RTO,RTO,74977.128,FALSE
12/18/2023 7:00,12/18/2023 2:00,RTO,RTO,RTO,RTO,74099.349,FALSE
12/18/2023 8:00,12/18/2023 3:00,RTO,RTO,RTO,RTO,74342.941,FALSE
12/18/2023 9:00,12/18/2023 4:00,RTO,RTO,RTO,RTO,75960.95,FALSE
12/18/2023 10:00,12/18/2023 5:00,RTO,RTO,RTO,RTO,80307.776,FALSE
12/18/2023 11:00,12/18/2023 6:00,RTO,RTO,RTO,RTO,87772.634,FALSE
12/18/2023 12:00,12/18/2023 7:00,RTO,RTO,RTO,RTO,93386.006,FALSE
12/18/2023 13:00,12/18/2023 8:00,RTO,RTO,RTO,RTO,95392.893,FALSE
12/18/2023 14:00,12/18/2023 9:00,RTO,RTO,RTO,RTO,95794.411,FALSE
12/18/2023 15:00,12/18/2023 10:00,RTO,RTO,RTO,RTO,95918.559,FALSE
12/18/2023 16:00,12/18/2023 11:00,RTO,RTO,RTO,RTO,95884.196,FALSE
12/18/2023 17:00,12/18/2023 12:00,RTO,RTO,RTO,RTO,95823.334,FALSE
12/18/2023 18:00,12/18/2023 13:00,RTO,RTO,RTO,RTO,95458.666,FALSE
12/18/2023 19:00,12/18/2023 14:00,RTO,RTO,RTO,RTO,95621.026,FALSE
12/18/2023 20:00,12/18/2023 15:00,RTO,RTO,RTO,RTO,96852.173,FALSE
12/18/2023 21:00,12/18/2023 16:00,RTO,RTO,RTO,RTO,100292.531,FALSE
12/18/2023 22:00,12/18/2023 17:00,RTO,RTO,RTO,RTO,105822.155,FALSE
12/18/2023 23:00,12/18/2023 18:00,RTO,RTO,RTO,RTO,106705.307,FALSE
12/19/2023 0:00,12/18/2023 19:00,RTO,RTO,RTO,RTO,106068.291,FALSE
12/19/2023 1:00,12/18/2023 20:00,RTO,RTO,RTO,RTO,104800.482,FALSE
12/19/2023 2:00,12/18/2023 21:00,RTO,RTO,RTO,RTO,101878.821,FALSE
12/19/2023 3:00,12/18/2023 22:00,RTO,RTO,RTO,RTO,97668.024,FALSE
12/19/2023 4:00,12/18/2023 23:00,RTO,RTO,RTO,RTO,93185.049,FALSE
12/19/2023 5:00,12/19/2023 0:00,RTO,RTO,RTO,RTO,90157.858,FALSE
12/19/2023 6:00,12/19/2023 1:00,RTO,RTO,RTO,RTO,88390.071,FALSE
12/19/2023 7:00,12/19/2023 2:00,RTO,RTO,RTO,RTO,87668.045,FALSE
12/19/2023 8:00,12/19/2023 3:00,RTO,RTO,RTO,RTO,88086.122,FALSE
12/19/2023 9:00,12/19/2023 4:00,RTO,RTO,RTO,RTO,90253.71,FALSE
12/19/2023 10:00,12/19/2023 5:00,RTO,RTO,RTO,RTO,95119.879,FALSE
12/19/2023 11:00,12/19/2023 6:00,RTO,RTO,RTO,RTO,102367.264,FALSE
12/19/2023 12:00,12/19/2023 7:00,RTO,RTO,RTO,RTO,107414.271,FALSE
12/19/2023 13:00,12/19/2023 8:00,RTO,RTO,RTO,RTO,107252.125,FALSE
12/19/2023 14:00,12/19/2023 9:00,RTO,RTO,RTO,RTO,104816.401,FALSE
12/19/2023 15:00,12/19/2023 10:00,RTO,RTO,RTO,RTO,103339.15,FALSE
12/19/2023 16:00,12/19/2023 11:00,RTO,RTO,RTO,RTO,102758.938,FALSE
12/19/2023 17:00,12/19/2023 12:00,RTO,RTO,RTO,RTO,101930.905,FALSE
12/19/2023 18:00,12/19/2023 13:00,RTO,RTO,RTO,RTO,101642.475,FALSE
12/19/2023 19:00,12/19/2023 14:00,RTO,RTO,RTO,RTO,100954.959,FALSE
12/19/2023 20:00,12/19/2023 15:00,RTO,RTO,RTO,RTO,101480.257,FALSE
12/19/2023 21:00,12/19/2023 16:00,RTO,RTO,RTO,RTO,105306.69,FALSE
12/19/2023 22:00,12/19/2023 17:00,RTO,RTO,RTO,RTO,111337.5,FALSE
12/19/2023 23:00,12/19/2023 18:00,RTO,RTO,RTO,RTO,112690.275,FALSE
12/20/2023 0:00,12/19/2023 19:00,RTO,RTO,RTO,RTO,112080.227,FALSE
12/20/2023 1:00,12/19/2023 20:00,RTO,RTO,RTO,RTO,111161.967,FALSE
12/20/2023 2:00,12/19/2023 21:00,RTO,RTO,RTO,RTO,108662.828,FALSE
12/20/2023 3:00,12/19/2023 22:00,RTO,RTO,RTO,RTO,104194.611,FALSE
12/20/2023 4:00,12/19/2023 23:00,RTO,RTO,RTO,RTO,99906.243,FALSE
12/20/2023 5:00,12/20/2023 0:00,RTO,RTO,RTO,RTO,96800.386,FALSE
12/20/2023 6:00,12/20/2023 1:00,RTO,RTO,RTO,RTO,95158.986,FALSE
12/20/2023 7:00,12/20/2023 2:00,RTO,RTO,RTO,RTO,94632.283,FALSE
12/20/2023 8:00,12/20/2023 3:00,RTO,RTO,RTO,RTO,95266.676,FALSE
12/20/2023 9:00,12/20/2023 4:00,RTO,RTO,RTO,RTO,97372.124,FALSE
12/20/2023 10:00,12/20/2023 5:00,RTO,RTO,RTO,RTO,102307.36,FALSE
12/20/2023 11:00,12/20/2023 6:00,RTO,RTO,RTO,RTO,109326.662,FALSE
12/20/2023 12:00,12/20/2023 7:00,RTO,RTO,RTO,RTO,114043.861,FALSE
12/20/2023 13:00,12/20/2023 8:00,RTO,RTO,RTO,RTO,112952.372,FALSE
12/20/2023 14:00,12/20/2023 9:00,RTO,RTO,RTO,RTO,107959.752,FALSE
12/20/2023 15:00,12/20/2023 10:00,RTO,RTO,RTO,RTO,103205.264,FALSE
12/20/2023 16:00,12/20/2023 11:00,RTO,RTO,RTO,RTO,99130.088,FALSE
12/20/2023 17:00,12/20/2023 12:00,RTO,RTO,RTO,RTO,96223.541,FALSE
12/20/2023 18:00,12/20/2023 13:00,RTO,RTO,RTO,RTO,94960.747,FALSE
12/20/2023 19:00,12/20/2023 14:00,RTO,RTO,RTO,RTO,94356.207,FALSE
12/20/2023 20:00,12/20/2023 15:00,RTO,RTO,RTO,RTO,95234.971,FALSE
12/20/2023 21:00,12/20/2023 16:00,RTO,RTO,RTO,RTO,98998.165,FALSE
12/20/2023 22:00,12/20/2023 17:00,RTO,RTO,RTO,RTO,105178.974,FALSE
12/20/2023 23:00,12/20/2023 18:00,RTO,RTO,RTO,RTO,106857.498,FALSE
12/21/2023 0:00,12/20/2023 19:00,RTO,RTO,RTO,RTO,106809.992,FALSE
12/21/2023 1:00,12/20/2023 20:00,RTO,RTO,RTO,RTO,106297.557,FALSE
12/21/2023 2:00,12/20/2023 21:00,RTO,RTO,RTO,RTO,103797.934,FALSE
12/21/2023 3:00,12/20/2023 22:00,RTO,RTO,RTO,RTO,99749.604,FALSE
12/21/2023 4:00,12/20/2023 23:00,RTO,RTO,RTO,RTO,95441.53,FALSE
12/21/2023 5:00,12/21/2023 0:00,RTO,RTO,RTO,RTO,92421.589,FALSE
12/21/2023 6:00,12/21/2023 1:00,RTO,RTO,RTO,RTO,90700.036,FALSE
12/21/2023 7:00,12/21/2023 2:00,RTO,RTO,RTO,RTO,89989.605,FALSE
12/21/2023 8:00,12/21/2023 3:00,RTO,RTO,RTO,RTO,90363.035,FALSE
12/21/2023 9:00,12/21/2023 4:00,RTO,RTO,RTO,RTO,92257.249,FALSE
12/21/2023 10:00,12/21/2023 5:00,RTO,RTO,RTO,RTO,96574.701,FALSE
12/21/2023 11:00,12/21/2023 6:00,RTO,RTO,RTO,RTO,103138.138,FALSE
12/21/2023 12:00,12/21/2023 7:00,RTO,RTO,RTO,RTO,107839.909,FALSE
12/21/2023 13:00,12/21/2023 8:00,RTO,RTO,RTO,RTO,107387.297,FALSE
12/21/2023 14:00,12/21/2023 9:00,RTO,RTO,RTO,RTO,104284.519,FALSE
12/21/2023 15:00,12/21/2023 10:00,RTO,RTO,RTO,RTO,100963.788,FALSE
12/21/2023 16:00,12/21/2023 11:00,RTO,RTO,RTO,RTO,98028.063,FALSE
12/21/2023 17:00,12/21/2023 12:00,RTO,RTO,RTO,RTO,95735.364,FALSE
12/21/2023 18:00,12/21/2023 13:00,RTO,RTO,RTO,RTO,94696.775,FALSE
12/21/2023 19:00,12/21/2023 14:00,RTO,RTO,RTO,RTO,94626.408,FALSE
12/21/2023 20:00,12/21/2023 15:00,RTO,RTO,RTO,RTO,95637.003,FALSE
12/21/2023 21:00,12/21/2023 16:00,RTO,RTO,RTO,RTO,98864.009,FALSE
12/21/2023 22:00,12/21/2023 17:00,RTO,RTO,RTO,RTO,103705.293,FALSE
12/21/2023 23:00,12/21/2023 18:00,RTO,RTO,RTO,RTO,104177.215,FALSE
12/22/2023 0:00,12/21/2023 19:00,RTO,RTO,RTO,RTO,103540.205,FALSE
12/22/2023 1:00,12/21/2023 20:00,RTO,RTO,RTO,RTO,102512.309,FALSE
12/22/2023 2:00,12/21/2023 21:00,RTO,RTO,RTO,RTO,100247.451,FALSE
12/22/2023 3:00,12/21/2023 22:00,RTO,RTO,RTO,RTO,96256.232,FALSE
12/22/2023 4:00,12/21/2023 23:00,RTO,RTO,RTO,RTO,91996.863,FALSE
12/22/2023 5:00,12/22/2023 0:00,RTO,RTO,RTO,RTO,88815.224,FALSE
12/22/2023 6:00,12/22/2023 1:00,RTO,RTO,RTO,RTO,86957.426,FALSE
12/22/2023 7:00,12/22/2023 2:00,RTO,RTO,RTO,RTO,86241.829,FALSE
12/22/2023 8:00,12/22/2023 3:00,RTO,RTO,RTO,RTO,86423.351,FALSE
12/22/2023 9:00,12/22/2023 4:00,RTO,RTO,RTO,RTO,88113.71,FALSE
12/22/2023 10:00,12/22/2023 5:00,RTO,RTO,RTO,RTO,91882.913,FALSE
12/22/2023 11:00,12/22/2023 6:00,RTO,RTO,RTO,RTO,97636.425,FALSE
12/22/2023 12:00,12/22/2023 7:00,RTO,RTO,RTO,RTO,102284.593,FALSE
12/22/2023 13:00,12/22/2023 8:00,RTO,RTO,RTO,RTO,103422.16,FALSE
12/22/2023 14:00,12/22/2023 9:00,RTO,RTO,RTO,RTO,102142.256,FALSE
12/22/2023 15:00,12/22/2023 10:00,RTO,RTO,RTO,RTO,99275.348,FALSE
12/22/2023 16:00,12/22/2023 11:00,RTO,RTO,RTO,RTO,96286.497,FALSE
12/22/2023 17:00,12/22/2023 12:00,RTO,RTO,RTO,RTO,93860.712,FALSE
12/22/2023 18:00,12/22/2023 13:00,RTO,RTO,RTO,RTO,92650.82,FALSE
12/22/2023 19:00,12/22/2023 14:00,RTO,RTO,RTO,RTO,92017.127,FALSE
12/22/2023 20:00,12/22/2023 15:00,RTO,RTO,RTO,RTO,92866.011,FALSE
12/22/2023 21:00,12/22/2023 16:00,RTO,RTO,RTO,RTO,95851.714,FALSE
12/22/2023 22:00,12/22/2023 17:00,RTO,RTO,RTO,RTO,100065.151,FALSE
12/22/2023 23:00,12/22/2023 18:00,RTO,RTO,RTO,RTO,99772.483,FALSE
12/23/2023 0:00,12/22/2023 19:00,RTO,RTO,RTO,RTO,98532.573,FALSE
12/23/2023 1:00,12/22/2023 20:00,RTO,RTO,RTO,RTO,97257.11,FALSE
12/23/2023 2:00,12/22/2023 21:00,RTO,RTO,RTO,RTO,95135.771,FALSE
12/23/2023 3:00,12/22/2023 22:00,RTO,RTO,RTO,RTO,91942.554,FALSE
12/23/2023 4:00,12/22/2023 23:00,RTO,RTO,RTO,RTO,88193.357,FALSE
12/23/2023 5:00,12/23/2023 0:00,RTO,RTO,RTO,RTO,84797.214,FALSE
12/23/2023 6:00,12/23/2023 1:00,RTO,RTO,RTO,RTO,82758.078,FALSE
12/23/2023 7:00,12/23/2023 2:00,RTO,RTO,RTO,RTO,81756.102,FALSE
12/23/2023 8:00,12/23/2023 3:00,RTO,RTO,RTO,RTO,81685.339,FALSE
12/23/2023 9:00,12/23/2023 4:00,RTO,RTO,RTO,RTO,82215.341,FALSE
12/23/2023 10:00,12/23/2023 5:00,RTO,RTO,RTO,RTO,83989.406,FALSE
12/23/2023 11:00,12/23/2023 6:00,RTO,RTO,RTO,RTO,86576.583,FALSE
12/23/2023 12:00,12/23/2023 7:00,RTO,RTO,RTO,RTO,89559.898,FALSE
12/23/2023 13:00,12/23/2023 8:00,RTO,RTO,RTO,RTO,91812.256,FALSE
12/23/2023 14:00,12/23/2023 9:00,RTO,RTO,RTO,RTO,91893.528,FALSE
12/23/2023 15:00,12/23/2023 10:00,RTO,RTO,RTO,RTO,90605.767,FALSE
12/23/2023 16:00,12/23/2023 11:00,RTO,RTO,RTO,RTO,89067.986,FALSE
12/23/2023 17:00,12/23/2023 12:00,RTO,RTO,RTO,RTO,87524.318,FALSE
12/23/2023 18:00,12/23/2023 13:00,RTO,RTO,RTO,RTO,86277.471,FALSE
12/23/2023 19:00,12/23/2023 14:00,RTO,RTO,RTO,RTO,85643.421,FALSE
12/23/2023 20:00,12/23/2023 15:00,RTO,RTO,RTO,RTO,86261.551,FALSE
12/23/2023 21:00,12/23/2023 16:00,RTO,RTO,RTO,RTO,88473.595,FALSE
12/23/2023 22:00,12/23/2023 17:00,RTO,RTO,RTO,RTO,92232.822,FALSE
12/23/2023 23:00,12/23/2023 18:00,RTO,RTO,RTO,RTO,92216.556,FALSE
12/24/2023 0:00,12/23/2023 19:00,RTO,RTO,RTO,RTO,91467.221,FALSE
12/24/2023 1:00,12/23/2023 20:00,RTO,RTO,RTO,RTO,90392.495,FALSE
12/24/2023 2:00,12/23/2023 21:00,RTO,RTO,RTO,RTO,88500.506,FALSE
12/24/2023 3:00,12/23/2023 22:00,RTO,RTO,RTO,RTO,85573.509,FALSE
12/24/2023 4:00,12/23/2023 23:00,RTO,RTO,RTO,RTO,81930.997,FALSE
12/24/2023 5:00,12/24/2023 0:00,RTO,RTO,RTO,RTO,78490.241,FALSE
12/24/2023 6:00,12/24/2023 1:00,RTO,RTO,RTO,RTO,76085.117,FALSE
12/24/2023 7:00,12/24/2023 2:00,RTO,RTO,RTO,RTO,74903.725,FALSE
12/24/2023 8:00,12/24/2023 3:00,RTO,RTO,RTO,RTO,74227.167,FALSE
12/24/2023 9:00,12/24/2023 4:00,RTO,RTO,RTO,RTO,74502.953,FALSE
12/24/2023 10:00,12/24/2023 5:00,RTO,RTO,RTO,RTO,75716.877,FALSE
12/24/2023 11:00,12/24/2023 6:00,RTO,RTO,RTO,RTO,77916.402,FALSE
12/24/2023 12:00,12/24/2023 7:00,RTO,RTO,RTO,RTO,80664.973,FALSE
12/24/2023 13:00,12/24/2023 8:00,RTO,RTO,RTO,RTO,82818.989,FALSE
12/24/2023 14:00,12/24/2023 9:00,RTO,RTO,RTO,RTO,83771.471,FALSE
12/24/2023 15:00,12/24/2023 10:00,RTO,RTO,RTO,RTO,83282.299,FALSE
12/24/2023 16:00,12/24/2023 11:00,RTO,RTO,RTO,RTO,82514.155,FALSE
12/24/2023 17:00,12/24/2023 12:00,RTO,RTO,RTO,RTO,81837.813,FALSE
12/24/2023 18:00,12/24/2023 13:00,RTO,RTO,RTO,RTO,80883.822,FALSE
12/24/2023 19:00,12/24/2023 14:00,RTO,RTO,RTO,RTO,80100.437,FALSE
12/24/2023 20:00,12/24/2023 15:00,RTO,RTO,RTO,RTO,80003.167,FALSE
12/24/2023 21:00,12/24/2023 16:00,RTO,RTO,RTO,RTO,81496.79,FALSE
12/24/2023 22:00,12/24/2023 17:00,RTO,RTO,RTO,RTO,84688.29,FALSE
12/24/2023 23:00,12/24/2023 18:00,RTO,RTO,RTO,RTO,84482.124,FALSE
12/25/2023 0:00,12/24/2023 19:00,RTO,RTO,RTO,RTO,83368.903,FALSE
12/25/2023 1:00,12/24/2023 20:00,RTO,RTO,RTO,RTO,82587.575,FALSE
12/25/2023 2:00,12/24/2023 21:00,RTO,RTO,RTO,RTO,81451.312,FALSE
12/25/2023 3:00,12/24/2023 22:00,RTO,RTO,RTO,RTO,79425.705,FALSE
12/25/2023 4:00,12/24/2023 23:00,RTO,RTO,RTO,RTO,76723.838,FALSE
12/25/2023 5:00,12/25/2023 0:00,RTO,RTO,RTO,RTO,74326.851,FALSE
12/25/2023 6:00,12/25/2023 1:00,RTO,RTO,RTO,RTO,72470.376,FALSE
12/25/2023 7:00,12/25/2023 2:00,RTO,RTO,RTO,RTO,71455.466,FALSE
12/25/2023 8:00,12/25/2023 3:00,RTO,RTO,RTO,RTO,71247.673,FALSE
12/25/2023 9:00,12/25/2023 4:00,RTO,RTO,RTO,RTO,71870.869,FALSE
12/25/2023 10:00,12/25/2023 5:00,RTO,RTO,RTO,RTO,73606.618,FALSE
12/25/2023 11:00,12/25/2023 6:00,RTO,RTO,RTO,RTO,76083.858,FALSE
12/25/2023 12:00,12/25/2023 7:00,RTO,RTO,RTO,RTO,78897.852,FALSE
12/25/2023 13:00,12/25/2023 8:00,RTO,RTO,RTO,RTO,80412.775,FALSE
12/25/2023 14:00,12/25/2023 9:00,RTO,RTO,RTO,RTO,80175.894,FALSE
12/25/2023 15:00,12/25/2023 10:00,RTO,RTO,RTO,RTO,78825.195,FALSE
12/25/2023 16:00,12/25/2023 11:00,RTO,RTO,RTO,RTO,77539.287,FALSE
12/25/2023 17:00,12/25/2023 12:00,RTO,RTO,RTO,RTO,76567.082,FALSE
12/25/2023 18:00,12/25/2023 13:00,RTO,RTO,RTO,RTO,75873.176,FALSE
12/25/2023 19:00,12/25/2023 14:00,RTO,RTO,RTO,RTO,75621.913,FALSE
12/25/2023 20:00,12/25/2023 15:00,RTO,RTO,RTO,RTO,76210.893,FALSE
12/25/2023 21:00,12/25/2023 16:00,RTO,RTO,RTO,RTO,78360.563,FALSE
12/25/2023 22:00,12/25/2023 17:00,RTO,RTO,RTO,RTO,81766.412,FALSE
12/25/2023 23:00,12/25/2023 18:00,RTO,RTO,RTO,RTO,81833.833,FALSE
12/26/2023 0:00,12/25/2023 19:00,RTO,RTO,RTO,RTO,81319.981,FALSE
12/26/2023 1:00,12/25/2023 20:00,RTO,RTO,RTO,RTO,80884.522,FALSE
12/26/2023 2:00,12/25/2023 21:00,RTO,RTO,RTO,RTO,79804.006,FALSE
12/26/2023 3:00,12/25/2023 22:00,RTO,RTO,RTO,RTO,77408.076,FALSE
12/26/2023 4:00,12/25/2023 23:00,RTO,RTO,RTO,RTO,73999.195,FALSE
12/26/2023 5:00,12/26/2023 0:00,RTO,RTO,RTO,RTO,70936.056,FALSE
12/26/2023 6:00,12/26/2023 1:00,RTO,RTO,RTO,RTO,69021.681,FALSE
12/26/2023 7:00,12/26/2023 2:00,RTO,RTO,RTO,RTO,67985.911,FALSE
12/26/2023 8:00,12/26/2023 3:00,RTO,RTO,RTO,RTO,68020.463,FALSE
12/26/2023 9:00,12/26/2023 4:00,RTO,RTO,RTO,RTO,69058.674,FALSE
12/26/2023 10:00,12/26/2023 5:00,RTO,RTO,RTO,RTO,71926.216,FALSE
12/26/2023 11:00,12/26/2023 6:00,RTO,RTO,RTO,RTO,76193.538,FALSE
12/26/2023 12:00,12/26/2023 7:00,RTO,RTO,RTO,RTO,79970.565,FALSE
12/26/2023 13:00,12/26/2023 8:00,RTO,RTO,RTO,RTO,82551.162,FALSE
12/26/2023 14:00,12/26/2023 9:00,RTO,RTO,RTO,RTO,84784.893,FALSE
12/26/2023 15:00,12/26/2023 10:00,RTO,RTO,RTO,RTO,86176.658,FALSE
12/26/2023 16:00,12/26/2023 11:00,RTO,RTO,RTO,RTO,86565.034,FALSE
12/26/2023 17:00,12/26/2023 12:00,RTO,RTO,RTO,RTO,86400.661,FALSE
12/26/2023 18:00,12/26/2023 13:00,RTO,RTO,RTO,RTO,86115.711,FALSE
12/26/2023 19:00,12/26/2023 14:00,RTO,RTO,RTO,RTO,85892.868,FALSE
12/26/2023 20:00,12/26/2023 15:00,RTO,RTO,RTO,RTO,86151.036,FALSE
12/26/2023 21:00,12/26/2023 16:00,RTO,RTO,RTO,RTO,88037.446,FALSE
12/26/2023 22:00,12/26/2023 17:00,RTO,RTO,RTO,RTO,91757.2,FALSE
12/26/2023 23:00,12/26/2023 18:00,RTO,RTO,RTO,RTO,92023.449,FALSE
12/27/2023 0:00,12/26/2023 19:00,RTO,RTO,RTO,RTO,90541.765,FALSE
12/27/2023 1:00,12/26/2023 20:00,RTO,RTO,RTO,RTO,88798.377,FALSE
12/27/2023 2:00,12/26/2023 21:00,RTO,RTO,RTO,RTO,86120.249,FALSE
12/27/2023 3:00,12/26/2023 22:00,RTO,RTO,RTO,RTO,82477.731,FALSE
12/27/2023 4:00,12/26/2023 23:00,RTO,RTO,RTO,RTO,78588.916,FALSE
12/27/2023 5:00,12/27/2023 0:00,RTO,RTO,RTO,RTO,75514.424,FALSE
12/27/2023 6:00,12/27/2023 1:00,RTO,RTO,RTO,RTO,73698.516,FALSE
12/27/2023 7:00,12/27/2023 2:00,RTO,RTO,RTO,RTO,72569.762,FALSE
12/27/2023 8:00,12/27/2023 3:00,RTO,RTO,RTO,RTO,72353.521,FALSE
12/27/2023 9:00,12/27/2023 4:00,RTO,RTO,RTO,RTO,73533.075,FALSE
12/27/2023 10:00,12/27/2023 5:00,RTO,RTO,RTO,RTO,76885.432,FALSE
12/27/2023 11:00,12/27/2023 6:00,RTO,RTO,RTO,RTO,81913.052,FALSE
12/27/2023 12:00,12/27/2023 7:00,RTO,RTO,RTO,RTO,86194.416,FALSE
12/27/2023 13:00,12/27/2023 8:00,RTO,RTO,RTO,RTO,88507.569,FALSE
12/27/2023 14:00,12/27/2023 9:00,RTO,RTO,RTO,RTO,89932.688,FALSE
12/27/2023 15:00,12/27/2023 10:00,RTO,RTO,RTO,RTO,90701.443,FALSE
12/27/2023 16:00,12/27/2023 11:00,RTO,RTO,RTO,RTO,90894.04,FALSE
12/27/2023 17:00,12/27/2023 12:00,RTO,RTO,RTO,RTO,90646.467,FALSE
12/27/2023 18:00,12/27/2023 13:00,RTO,RTO,RTO,RTO,90061.422,FALSE
12/27/2023 19:00,12/27/2023 14:00,RTO,RTO,RTO,RTO,89325.778,FALSE
12/27/2023 20:00,12/27/2023 15:00,RTO,RTO,RTO,RTO,88980.649,FALSE
12/27/2023 21:00,12/27/2023 16:00,RTO,RTO,RTO,RTO,90796.543,FALSE
12/27/2023 22:00,12/27/2023 17:00,RTO,RTO,RTO,RTO,94229.99,FALSE
12/27/2023 23:00,12/27/2023 18:00,RTO,RTO,RTO,RTO,94146.961,FALSE
12/28/2023 0:00,12/27/2023 19:00,RTO,RTO,RTO,RTO,92510.824,FALSE
12/28/2023 1:00,12/27/2023 20:00,RTO,RTO,RTO,RTO,90456.31,FALSE
12/28/2023 2:00,12/27/2023 21:00,RTO,RTO,RTO,RTO,87582.991,FALSE
12/28/2023 3:00,12/27/2023 22:00,RTO,RTO,RTO,RTO,83648.832,FALSE
12/28/2023 4:00,12/27/2023 23:00,RTO,RTO,RTO,RTO,79352.801,FALSE
12/28/2023 5:00,12/28/2023 0:00,RTO,RTO,RTO,RTO,76218.259,FALSE
12/28/2023 6:00,12/28/2023 1:00,RTO,RTO,RTO,RTO,74069.756,FALSE
12/28/2023 7:00,12/28/2023 2:00,RTO,RTO,RTO,RTO,72817.408,FALSE
12/28/2023 8:00,12/28/2023 3:00,RTO,RTO,RTO,RTO,72666.263,FALSE
12/28/2023 9:00,12/28/2023 4:00,RTO,RTO,RTO,RTO,73620.632,FALSE
12/28/2023 10:00,12/28/2023 5:00,RTO,RTO,RTO,RTO,76760.959,FALSE
12/28/2023 11:00,12/28/2023 6:00,RTO,RTO,RTO,RTO,81528.416,FALSE
12/28/2023 12:00,12/28/2023 7:00,RTO,RTO,RTO,RTO,85820.011,FALSE
12/28/2023 13:00,12/28/2023 8:00,RTO,RTO,RTO,RTO,87731.115,FALSE
12/28/2023 14:00,12/28/2023 9:00,RTO,RTO,RTO,RTO,89046.886,FALSE
12/28/2023 15:00,12/28/2023 10:00,RTO,RTO,RTO,RTO,89717.893,FALSE
12/28/2023 16:00,12/28/2023 11:00,RTO,RTO,RTO,RTO,89788.567,FALSE
12/28/2023 17:00,12/28/2023 12:00,RTO,RTO,RTO,RTO,89509.156,FALSE
12/28/2023 18:00,12/28/2023 13:00,RTO,RTO,RTO,RTO,89046.146,FALSE
12/28/2023 19:00,12/28/2023 14:00,RTO,RTO,RTO,RTO,88780.975,FALSE
12/28/2023 20:00,12/28/2023 15:00,RTO,RTO,RTO,RTO,88664.575,FALSE
12/28/2023 21:00,12/28/2023 16:00,RTO,RTO,RTO,RTO,90377.215,FALSE
12/28/2023 22:00,12/28/2023 17:00,RTO,RTO,RTO,RTO,94455.419,FALSE
12/28/2023 23:00,12/28/2023 18:00,RTO,RTO,RTO,RTO,94788.325,FALSE
12/29/2023 0:00,12/28/2023 19:00,RTO,RTO,RTO,RTO,93491.63,FALSE
12/29/2023 1:00,12/28/2023 20:00,RTO,RTO,RTO,RTO,91967.902,FALSE
12/29/2023 2:00,12/28/2023 21:00,RTO,RTO,RTO,RTO,89478.183,FALSE
12/29/2023 3:00,12/28/2023 22:00,RTO,RTO,RTO,RTO,85776.974,FALSE
12/29/2023 4:00,12/28/2023 23:00,RTO,RTO,RTO,RTO,82022.088,FALSE
12/29/2023 5:00,12/29/2023 0:00,RTO,RTO,RTO,RTO,78961.219,FALSE
12/29/2023 6:00,12/29/2023 1:00,RTO,RTO,RTO,RTO,76810.441,FALSE
12/29/2023 7:00,12/29/2023 2:00,RTO,RTO,RTO,RTO,75908.385,FALSE
12/29/2023 8:00,12/29/2023 3:00,RTO,RTO,RTO,RTO,75936.355,FALSE
12/29/2023 9:00,12/29/2023 4:00,RTO,RTO,RTO,RTO,77380.355,FALSE
12/29/2023 10:00,12/29/2023 5:00,RTO,RTO,RTO,RTO,80762.005,FALSE
12/29/2023 11:00,12/29/2023 6:00,RTO,RTO,RTO,RTO,85555.897,FALSE
12/29/2023 12:00,12/29/2023 7:00,RTO,RTO,RTO,RTO,89518.848,FALSE
12/29/2023 13:00,12/29/2023 8:00,RTO,RTO,RTO,RTO,90924.964,FALSE
12/29/2023 14:00,12/29/2023 9:00,RTO,RTO,RTO,RTO,90362.451,FALSE
12/29/2023 15:00,12/29/2023 10:00,RTO,RTO,RTO,RTO,89646.177,FALSE
12/29/2023 16:00,12/29/2023 11:00,RTO,RTO,RTO,RTO,88623.738,FALSE
12/29/2023 17:00,12/29/2023 12:00,RTO,RTO,RTO,RTO,88080.266,FALSE
12/29/2023 18:00,12/29/2023 13:00,RTO,RTO,RTO,RTO,87542.086,FALSE
12/29/2023 19:00,12/29/2023 14:00,RTO,RTO,RTO,RTO,87939.553,FALSE
12/29/2023 20:00,12/29/2023 15:00,RTO,RTO,RTO,RTO,88998.113,FALSE
12/29/2023 21:00,12/29/2023 16:00,RTO,RTO,RTO,RTO,91759.925,FALSE
12/29/2023 22:00,12/29/2023 17:00,RTO,RTO,RTO,RTO,95744.387,FALSE
12/29/2023 23:00,12/29/2023 18:00,RTO,RTO,RTO,RTO,95678.293,FALSE
12/30/2023 0:00,12/29/2023 19:00,RTO,RTO,RTO,RTO,94559.12,FALSE
12/30/2023 1:00,12/29/2023 20:00,RTO,RTO,RTO,RTO,93237.135,FALSE
12/30/2023 2:00,12/29/2023 21:00,RTO,RTO,RTO,RTO,91188.974,FALSE
12/30/2023 3:00,12/29/2023 22:00,RTO,RTO,RTO,RTO,88213.681,FALSE
12/30/2023 4:00,12/29/2023 23:00,RTO,RTO,RTO,RTO,84941.171,FALSE
12/30/2023 5:00,12/30/2023 0:00,RTO,RTO,RTO,RTO,81876.237,FALSE
12/30/2023 6:00,12/30/2023 1:00,RTO,RTO,RTO,RTO,79998.548,FALSE
12/30/2023 7:00,12/30/2023 2:00,RTO,RTO,RTO,RTO,79214.687,FALSE
12/30/2023 8:00,12/30/2023 3:00,RTO,RTO,RTO,RTO,78897.83,FALSE
12/30/2023 9:00,12/30/2023 4:00,RTO,RTO,RTO,RTO,79661.881,FALSE
12/30/2023 10:00,12/30/2023 5:00,RTO,RTO,RTO,RTO,81443.859,FALSE
12/30/2023 11:00,12/30/2023 6:00,RTO,RTO,RTO,RTO,84115.901,FALSE
12/30/2023 12:00,12/30/2023 7:00,RTO,RTO,RTO,RTO,86667.115,FALSE
12/30/2023 13:00,12/30/2023 8:00,RTO,RTO,RTO,RTO,88225.153,FALSE
12/30/2023 14:00,12/30/2023 9:00,RTO,RTO,RTO,RTO,89152.417,FALSE
12/30/2023 15:00,12/30/2023 10:00,RTO,RTO,RTO,RTO,89438.983,FALSE
12/30/2023 16:00,12/30/2023 11:00,RTO,RTO,RTO,RTO,89397.361,FALSE
12/30/2023 17:00,12/30/2023 12:00,RTO,RTO,RTO,RTO,89201.92,FALSE
12/30/2023 18:00,12/30/2023 13:00,RTO,RTO,RTO,RTO,88441.735,FALSE
12/30/2023 19:00,12/30/2023 14:00,RTO,RTO,RTO,RTO,87956.461,FALSE
12/30/2023 20:00,12/30/2023 15:00,RTO,RTO,RTO,RTO,88104.544,FALSE
12/30/2023 21:00,12/30/2023 16:00,RTO,RTO,RTO,RTO,90333.673,FALSE
12/30/2023 22:00,12/30/2023 17:00,RTO,RTO,RTO,RTO,94690.423,FALSE
12/30/2023 23:00,12/30/2023 18:00,RTO,RTO,RTO,RTO,95465.491,FALSE
12/31/2023 0:00,12/30/2023 19:00,RTO,RTO,RTO,RTO,94932.626,FALSE
12/31/2023 1:00,12/30/2023 20:00,RTO,RTO,RTO,RTO,93828.725,FALSE
12/31/2023 2:00,12/30/2023 21:00,RTO,RTO,RTO,RTO,91919.422,FALSE
12/31/2023 3:00,12/30/2023 22:00,RTO,RTO,RTO,RTO,88913.696,FALSE
12/31/2023 4:00,12/30/2023 23:00,RTO,RTO,RTO,RTO,85530.009,FALSE
12/31/2023 5:00,12/31/2023 0:00,RTO,RTO,RTO,RTO,82709.818,FALSE
12/31/2023 6:00,12/31/2023 1:00,RTO,RTO,RTO,RTO,80792.954,FALSE
12/31/2023 7:00,12/31/2023 2:00,RTO,RTO,RTO,RTO,79757.922,FALSE
12/31/2023 8:00,12/31/2023 3:00,RTO,RTO,RTO,RTO,79462.748,FALSE
12/31/2023 9:00,12/31/2023 4:00,RTO,RTO,RTO,RTO,79929.605,FALSE
12/31/2023 10:00,12/31/2023 5:00,RTO,RTO,RTO,RTO,81278.99,FALSE
12/31/2023 11:00,12/31/2023 6:00,RTO,RTO,RTO,RTO,83461.464,FALSE
12/31/2023 12:00,12/31/2023 7:00,RTO,RTO,RTO,RTO,85988.105,FALSE
12/31/2023 13:00,12/31/2023 8:00,RTO,RTO,RTO,RTO,87389.363,FALSE
12/31/2023 14:00,12/31/2023 9:00,RTO,RTO,RTO,RTO,87487.153,FALSE
12/31/2023 15:00,12/31/2023 10:00,RTO,RTO,RTO,RTO,86893.905,FALSE
12/31/2023 16:00,12/31/2023 11:00,RTO,RTO,RTO,RTO,86396.121,FALSE
12/31/2023 17:00,12/31/2023 12:00,RTO,RTO,RTO,RTO,86303.969,FALSE
12/31/2023 18:00,12/31/2023 13:00,RTO,RTO,RTO,RTO,85846.73,FALSE
12/31/2023 19:00,12/31/2023 14:00,RTO,RTO,RTO,RTO,85799.447,FALSE
12/31/2023 20:00,12/31/2023 15:00,RTO,RTO,RTO,RTO,86927.875,FALSE
12/31/2023 21:00,12/31/2023 16:00,RTO,RTO,RTO,RTO,90172.024,FALSE
12/31/2023 22:00,12/31/2023 17:00,RTO,RTO,RTO,RTO,94608.776,FALSE
12/31/2023 23:00,12/31/2023 18:00,RTO,RTO,RTO,RTO,94599.946,FALSE
1/1/2024 0:00,12/31/2023 19:00,RTO,RTO,RTO,RTO,93132.845,FALSE
1/1/2024 1:00,12/31/2023 20:00,RTO,RTO,RTO,RTO,91309.282,FALSE
1/1/2024 2:00,12/31/2023 21:00,RTO,RTO,RTO,RTO,89085.236,FALSE
1/1/2024 3:00,12/31/2023 22:00,RTO,RTO,RTO,RTO,86658.273,FALSE
1/1/2024 4:00,12/31/2023 23:00,RTO,RTO,RTO,RTO,84423.402,FALSE
