Region_Code,Timestamp_hr_ending,Wind_Generation_MWh,Solar_Generation_MWh,Hydro_Generation_MWh,Other_Generation_MWh,Petroleum_Generation_MWh,Natural_gas_Generation_MWh,Coal_Generation_MWh,Nuclear_Generation_MWh
PJM,7/1/2023 12 a.m. EDT,2024,3,647,1068,214,43824,17270,32831
PJM,7/1/2023 1 a.m. EDT,508,1,486,1027,224,44122,16279,32816
PJM,7/1/2023 2 a.m. EDT,479,1,434,1029,223,43665,15608,32837
PJM,7/1/2023 3 a.m. EDT,406,1,406,1029,223,42412,14829,32828
PJM,7/1/2023 4 a.m. EDT,519,1,410,1044,223,40147,14495,32853
PJM,7/1/2023 5 a.m. EDT,1058,1,487,1031,228,39626,14246,32915
PJM,7/1/2023 6 a.m. EDT,1614,64,528,1041,231,38263,14038,32932
PJM,7/1/2023 7 a.m. EDT,1409,715,674,1109,226,39332,13954,32928
PJM,7/1/2023 8 a.m. EDT,1359,1458,597,1190,223,42794,14060,32906
PJM,7/1/2023 9 a.m. EDT,1234,2139,658,1265,222,45142,14684,32879
PJM,7/1/2023 10 a.m. EDT,1403,2542,654,1352,220,47910,15541,32862
PJM,7/1/2023 11 a.m. EDT,1559,2936,1171,1466,233,50819,16601,32847
PJM,7/1/2023 12 p.m. EDT,789,3384,1170,1986,390,53406,17394,32812
PJM,7/1/2023 1 p.m. EDT,998,3410,3034,2121,444,54619,17850,32805
PJM,7/1/2023 2 p.m. EDT,1202,3583,3709,2094,440,54697,18989,32778
PJM,7/1/2023 3 p.m. EDT,1236,3466,4334,2081,442,54744,20847,32762
PJM,7/1/2023 4 p.m. EDT,1065,3142,5020,2125,440,55213,21526,32765
PJM,7/1/2023 5 p.m. EDT,643,1870,5200,2062,444,56902,22739,32750
PJM,7/1/2023 6 p.m. EDT,896,1365,5029,2019,392,55981,20650,32753
PJM,7/1/2023 7 p.m. EDT,834,406,4766,1840,399,54243,20650,32766
PJM,7/1/2023 8 p.m. EDT,1226,49,4062,1849,387,52234,19185,32766
PJM,7/1/2023 9 p.m. EDT,1426,6,2160,1834,415,53323,18858,32762
PJM,7/1/2023 10 p.m. EDT,1956,6,759,1266,252,51205,17637,32772
PJM,7/1/2023 11 p.m. EDT,2274,6,412,1124,212,47904,17051,32795
PJM,7/2/2023 12 a.m. EDT,489,1,503,1038,222,46103,18920,32792
PJM,7/2/2023 1 a.m. EDT,1204,6,456,1035,174,43036,15099,32804
PJM,7/2/2023 2 a.m. EDT,1237,6,442,1050,172,41158,14762,32811
PJM,7/2/2023 3 a.m. EDT,953,6,365,1039,174,39646,14370,32818
PJM,7/2/2023 4 a.m. EDT,1274,6,363,1048,174,38329,14104,32817
PJM,7/2/2023 5 a.m. EDT,1230,6,339,1049,185,37868,14044,32797
PJM,7/2/2023 6 a.m. EDT,1274,49,404,1051,217,37347,13961,32838
PJM,7/2/2023 7 a.m. EDT,1486,886,439,1265,220,35581,13942,32830
PJM,7/2/2023 8 a.m. EDT,1717,1887,505,1424,218,38962,14005,32817
PJM,7/2/2023 9 a.m. EDT,1699,2002,549,1350,217,42610,14222,32800
PJM,7/2/2023 10 a.m. EDT,2271,2562,498,1678,217,46196,14482,32771
PJM,7/2/2023 11 a.m. EDT,2392,3247,977,1870,229,48588,15339,32769
PJM,7/2/2023 12 p.m. EDT,2336,3626,984,2141,413,52036,16077,32728
PJM,7/2/2023 1 p.m. EDT,2501,3276,2139,2292,440,53225,17737,32677
PJM,7/2/2023 2 p.m. EDT,3049,3224,2176,2359,426,55340,18475,32674
PJM,7/2/2023 3 p.m. EDT,3211,2905,3743,2361,418,55343,19208,32657
PJM,7/2/2023 4 p.m. EDT,3250,2740,4046,2368,481,56018,20689,32643
PJM,7/2/2023 5 p.m. EDT,3034,1954,4869,2212,572,56938,21617,32667
PJM,7/2/2023 6 p.m. EDT,2272,1674,5445,2160,585,56889,22140,32674
PJM,7/2/2023 7 p.m. EDT,1862,784,4047,2079,557,56346,21973,32646
PJM,7/2/2023 8 p.m. EDT,1204,71,4000,2008,540,55522,19881,32646
PJM,7/2/2023 9 p.m. EDT,1238,5,3495,2045,410,54408,18263,32668
PJM,7/2/2023 10 p.m. EDT,1200,5,1599,1321,255,52484,18326,32681
PJM,7/2/2023 11 p.m. EDT,1713,5,747,1265,217,47870,17361,32728
PJM,7/3/2023 12 a.m. EDT,1528,6,458,1027,174,44478,15635,32799
PJM,7/3/2023 1 a.m. EDT,1928,5,489,1023,218,43944,14992,32797
PJM,7/3/2023 2 a.m. EDT,1893,5,452,1013,217,41982,14399,32811
PJM,7/3/2023 3 a.m. EDT,1851,5,442,995,218,40473,14051,32807
PJM,7/3/2023 4 a.m. EDT,1580,5,454,999,221,40444,13793,32815
PJM,7/3/2023 5 a.m. EDT,1615,5,484,991,227,40838,13988,32819
PJM,7/3/2023 6 a.m. EDT,1562,70,491,1004,225,42082,14119,32834
PJM,7/3/2023 7 a.m. EDT,1350,732,596,1067,230,44845,14148,32829
PJM,7/3/2023 8 a.m. EDT,833,1458,543,1110,228,47480,14848,32820
PJM,7/3/2023 9 a.m. EDT,644,2182,508,1260,225,51101,16101,32811
PJM,7/3/2023 10 a.m. EDT,761,2685,675,1821,238,53403,16752,32785
PJM,7/3/2023 11 a.m. EDT,885,3158,1074,2532,447,56147,16805,32768
PJM,7/3/2023 12 p.m. EDT,1153,3321,2462,2746,440,58392,17227,32752
PJM,7/3/2023 1 p.m. EDT,1273,3467,3910,2860,390,59902,17637,32702
PJM,7/3/2023 2 p.m. EDT,1368,2937,4140,3225,664,61994,19332,32685
PJM,7/3/2023 3 p.m. EDT,1705,2820,4780,3338,706,62334,19676,32664
PJM,7/3/2023 4 p.m. EDT,1241,2800,5223,3473,702,62924,21174,32641
PJM,7/3/2023 5 p.m. EDT,1500,2327,5336,3446,793,63497,21677,32625
PJM,7/3/2023 6 p.m. EDT,1407,1362,5456,3381,840,63198,21405,32644
PJM,7/3/2023 7 p.m. EDT,856,674,4739,3311,840,61505,22180,32638
PJM,7/3/2023 8 p.m. EDT,484,77,2901,3160,780,59602,21575,32621
PJM,7/3/2023 9 p.m. EDT,499,5,1548,2747,395,58330,20069,32647
PJM,7/3/2023 10 p.m. EDT,521,5,724,1837,212,55493,20236,32692
PJM,7/3/2023 11 p.m. EDT,648,5,499,1330,213,50964,19500,32734
PJM,7/4/2023 12 a.m. EDT,1954,5,480,1029,216,44225,15732,32772
PJM,7/4/2023 1 a.m. EDT,1040,5,552,1009,222,43413,14923,32762
PJM,7/4/2023 2 a.m. EDT,812,5,567,1011,222,43013,14208,32770
PJM,7/4/2023 3 a.m. EDT,753,5,613,1018,222,41056,13819,32765
PJM,7/4/2023 4 a.m. EDT,764,5,633,1014,222,39635,13676,32761
PJM,7/4/2023 5 a.m. EDT,814,5,625,1011,226,39197,13652,32773
PJM,7/4/2023 6 a.m. EDT,914,76,560,1027,231,38546,13664,32760
PJM,7/4/2023 7 a.m. EDT,1122,1040,555,1122,230,39256,13628,32780
PJM,7/4/2023 8 a.m. EDT,1276,2324,629,1226,229,42943,13876,32764
PJM,7/4/2023 9 a.m. EDT,1031,3299,740,1376,228,47342,14412,32770
PJM,7/4/2023 10 a.m. EDT,925,3736,742,2335,225,50791,15474,32728
PJM,7/4/2023 11 a.m. EDT,800,3762,1345,2611,230,54612,17129,32707
PJM,7/4/2023 12 p.m. EDT,896,3803,1838,2747,319,57803,18856,32671
PJM,7/4/2023 1 p.m. EDT,1045,3715,1983,3020,332,59818,20060,32638
PJM,7/4/2023 2 p.m. EDT,1059,3613,4375,3152,318,59304,19934,32619
PJM,7/4/2023 3 p.m. EDT,1007,3478,5111,3244,492,60480,20454,32588
PJM,7/4/2023 4 p.m. EDT,904,3442,5394,3055,533,61198,21026,32571
PJM,7/4/2023 5 p.m. EDT,802,2985,5076,2928,628,62230,22593,32566
PJM,7/4/2023 6 p.m. EDT,513,2051,5580,3102,574,61629,22650,32563
PJM,7/4/2023 7 p.m. EDT,577,965,4926,2923,633,60647,22750,32557
PJM,7/4/2023 8 p.m. EDT,430,88,2914,2568,646,59408,22452,32538
PJM,7/4/2023 9 p.m. EDT,715,5,1274,2209,413,58218,21811,32557
PJM,7/4/2023 10 p.m. EDT,913,5,1107,1273,345,55022,21822,32553
PJM,7/4/2023 11 p.m. EDT,1262,5,644,1215,227,51332,22051,32581
PJM,7/5/2023 12 a.m. EDT,921,5,503,1025,223,46817,16785,32745
PJM,7/5/2023 1 a.m. EDT,2186,5,570,1026,229,42942,16586,32637
PJM,7/5/2023 2 a.m. EDT,2206,5,607,1030,226,42535,15250,32670
PJM,7/5/2023 3 a.m. EDT,1927,5,612,1019,228,40366,14751,32690
PJM,7/5/2023 4 a.m. EDT,1575,5,628,1031,230,40143,14524,32710
PJM,7/5/2023 5 a.m. EDT,1595,5,630,1026,236,42131,14642,32726
PJM,7/5/2023 6 a.m. EDT,1442,76,626,1046,236,44304,14908,32727
PJM,7/5/2023 7 a.m. EDT,1416,1021,612,1092,232,47690,15487,32724
PJM,7/5/2023 8 a.m. EDT,753,2462,811,1478,229,50477,17937,32694
PJM,7/5/2023 9 a.m. EDT,597,3228,698,1450,452,54496,19649,32669
PJM,7/5/2023 10 a.m. EDT,550,3675,733,1999,509,58564,21889,32617
PJM,7/5/2023 11 a.m. EDT,622,3674,2326,2180,822,62908,23285,32568
PJM,7/5/2023 12 p.m. EDT,836,3762,3184,2401,1169,66168,25124,32509
PJM,7/5/2023 1 p.m. EDT,1128,3649,4494,2492,1424,67720,25407,32461
PJM,7/5/2023 2 p.m. EDT,1632,3643,4369,2417,1475,68183,26107,32450
PJM,7/5/2023 3 p.m. EDT,1870,3355,5456,2331,1421,68478,25225,32439
PJM,7/5/2023 4 p.m. EDT,1832,2780,5789,2297,1459,69058,24957,32466
PJM,7/5/2023 5 p.m. EDT,2398,2075,5775,2398,1464,69926,24836,32453
PJM,7/5/2023 6 p.m. EDT,2172,1498,5985,2370,1579,69377,25527,32410
PJM,7/5/2023 7 p.m. EDT,2104,882,5669,2267,1581,67795,24993,32420
PJM,7/5/2023 8 p.m. EDT,1368,76,3066,2239,1428,66472,24533,32428
PJM,7/5/2023 9 p.m. EDT,1261,12,1445,2225,1278,66255,24650,32466
PJM,7/5/2023 10 p.m. EDT,569,7,632,1523,690,61823,23398,32472
PJM,7/5/2023 11 p.m. EDT,704,5,629,1306,391,56507,22582,32478
PJM,7/6/2023 12 a.m. EDT,1497,5,591,1031,226,46408,19294,32588
PJM,7/6/2023 1 a.m. EDT,950,5,502,606,228,49156,18381,32525
PJM,7/6/2023 2 a.m. EDT,763,5,473,574,229,47369,16331,32545
PJM,7/6/2023 3 a.m. EDT,578,5,592,583,225,45557,15532,32571
PJM,7/6/2023 4 a.m. EDT,566,5,588,614,230,45300,15144,32596
PJM,7/6/2023 5 a.m. EDT,674,5,680,642,236,46467,15227,32617
PJM,7/6/2023 6 a.m. EDT,759,36,703,651,238,49192,15523,32607
PJM,7/6/2023 7 a.m. EDT,992,654,742,696,234,51698,17491,32630
PJM,7/6/2023 8 a.m. EDT,795,1843,816,816,231,54074,18913,32613
PJM,7/6/2023 9 a.m. EDT,695,2324,931,858,228,58031,20085,32581
PJM,7/6/2023 10 a.m. EDT,692,2570,852,1878,508,62262,21536,32534
PJM,7/6/2023 11 a.m. EDT,809,2903,1444,2059,844,65210,22701,32496
PJM,7/6/2023 12 p.m. EDT,1074,3454,3300,2176,1018,65803,22416,32452
PJM,7/6/2023 1 p.m. EDT,1481,3311,4773,2275,1154,66264,22899,32419
PJM,7/6/2023 2 p.m. EDT,1801,3300,5215,2436,1319,67736,23738,32423
PJM,7/6/2023 3 p.m. EDT,1786,3081,5562,2423,1385,67836,23870,32447
PJM,7/6/2023 4 p.m. EDT,2094,2491,5654,2572,1446,67876,24055,32440
PJM,7/6/2023 5 p.m. EDT,2708,2436,5926,2479,1475,67933,24197,32438
PJM,7/6/2023 6 p.m. EDT,2810,1813,5134,2448,1474,66838,24593,32442
PJM,7/6/2023 7 p.m. EDT,2081,775,4710,2391,1450,65703,24775,32442
PJM,7/6/2023 8 p.m. EDT,1351,89,3015,2337,1029,64985,24552,32466
PJM,7/6/2023 9 p.m. EDT,1275,16,1344,2056,635,63406,24136,32505
PJM,7/6/2023 10 p.m. EDT,1349,16,915,1014,295,58696,23819,32490
PJM,7/6/2023 11 p.m. EDT,1514,16,653,690,222,52991,22784,32530
PJM,7/7/2023 12 a.m. EDT,473,5,504,902,228,51680,21065,32492
PJM,7/7/2023 1 a.m. EDT,1905,16,495,702,220,48125,16560,32585
PJM,7/7/2023 2 a.m. EDT,1878,16,429,700,217,46081,15206,32619
PJM,7/7/2023 3 a.m. EDT,1628,16,487,704,218,45134,14339,32631
PJM,7/7/2023 4 a.m. EDT,1373,16,405,698,223,44508,14392,32642
PJM,7/7/2023 5 a.m. EDT,1283,16,510,701,223,45018,14448,32673
PJM,7/7/2023 6 a.m. EDT,1147,85,546,696,228,47112,15733,32664
PJM,7/7/2023 7 a.m. EDT,1174,1064,615,802,223,49164,16908,32674
PJM,7/7/2023 8 a.m. EDT,909,2398,560,968,318,51106,17166,32679
PJM,7/7/2023 9 a.m. EDT,618,3252,536,1433,461,54141,19303,32660
PJM,7/7/2023 10 a.m. EDT,486,3499,650,2444,526,56010,19449,32651
PJM,7/7/2023 11 a.m. EDT,444,3669,1223,2676,539,59859,20974,32630
PJM,7/7/2023 12 p.m. EDT,313,3743,2302,3055,499,62411,21759,32579
PJM,7/7/2023 1 p.m. EDT,522,3483,4203,3337,501,64531,22323,32552
PJM,7/7/2023 2 p.m. EDT,625,3080,5020,3597,514,65530,22416,32546
PJM,7/7/2023 3 p.m. EDT,800,2723,5640,3493,531,66632,23068,32543
PJM,7/7/2023 4 p.m. EDT,964,2512,5860,3557,577,66812,23995,32530
PJM,7/7/2023 5 p.m. EDT,1282,2012,6011,3576,577,66622,24220,32581
PJM,7/7/2023 6 p.m. EDT,1038,1390,4972,3440,574,65536,24199,32559
PJM,7/7/2023 7 p.m. EDT,732,830,4714,3185,514,62879,22969,32577
PJM,7/7/2023 8 p.m. EDT,591,152,2851,3103,408,61801,22286,32573
PJM,7/7/2023 9 p.m. EDT,494,17,1165,2831,426,60755,22203,32598
PJM,7/7/2023 10 p.m. EDT,348,17,643,1634,213,57051,21746,32146
PJM,7/7/2023 11 p.m. EDT,483,17,772,1245,212,52499,21150,31985
PJM,7/8/2023 12 a.m. EDT,1758,16,638,710,217,49995,19534,32551
PJM,7/8/2023 1 a.m. EDT,818,17,553,926,216,46720,15611,32400
PJM,7/8/2023 2 a.m. EDT,1108,18,553,928,215,44685,14103,32446
PJM,7/8/2023 3 a.m. EDT,1175,18,540,902,215,42968,13029,32488
PJM,7/8/2023 4 a.m. EDT,1299,18,532,910,217,42126,12572,32504
PJM,7/8/2023 5 a.m. EDT,870,18,513,897,221,41658,12524,32521
PJM,7/8/2023 6 a.m. EDT,953,39,555,911,224,42171,12494,32545
PJM,7/8/2023 7 a.m. EDT,1193,920,557,986,218,42950,12589,32569
PJM,7/8/2023 8 a.m. EDT,1299,2305,584,1131,220,45952,12607,32580
PJM,7/8/2023 9 a.m. EDT,1460,2915,522,1333,215,48966,12993,32551
PJM,7/8/2023 10 a.m. EDT,992,2999,577,1472,232,52545,14280,32536
PJM,7/8/2023 11 a.m. EDT,1156,3238,1263,1704,446,54567,15333,32512
PJM,7/8/2023 12 p.m. EDT,1396,3032,2600,2050,439,54664,16503,32499
PJM,7/8/2023 1 p.m. EDT,1267,2683,3620,2213,443,55706,17380,32460
PJM,7/8/2023 2 p.m. EDT,1177,2469,4067,2304,456,55816,17490,32478
PJM,7/8/2023 3 p.m. EDT,1045,2223,3186,2661,456,57104,18368,32445
PJM,7/8/2023 4 p.m. EDT,1364,1788,3758,2598,457,56319,18959,32456
PJM,7/8/2023 5 p.m. EDT,1341,1654,3556,2420,459,56402,19001,32517
PJM,7/8/2023 6 p.m. EDT,983,1116,4020,2164,430,56431,18938,32531
PJM,7/8/2023 7 p.m. EDT,586,379,5152,1841,426,55392,18568,32565
PJM,7/8/2023 8 p.m. EDT,267,45,3281,1845,426,55334,18168,32577
PJM,7/8/2023 9 p.m. EDT,199,10,2692,1597,411,54199,17623,32615
PJM,7/8/2023 10 p.m. EDT,254,10,1099,809,214,52822,17154,32631
PJM,7/8/2023 11 p.m. EDT,369,5,744,790,216,49039,15941,32508
PJM,7/9/2023 12 a.m. EDT,511,17,667,922,216,48157,18147,32240
PJM,7/9/2023 1 a.m. EDT,572,5,453,796,218,44550,13708,32658
PJM,7/9/2023 2 a.m. EDT,544,5,453,789,217,41605,13018,32676
PJM,7/9/2023 3 a.m. EDT,610,5,474,803,218,41026,12736,32685
PJM,7/9/2023 4 a.m. EDT,579,5,464,805,220,39572,12508,32691
PJM,7/9/2023 5 a.m. EDT,631,5,446,814,226,39127,12466,32696
PJM,7/9/2023 6 a.m. EDT,704,27,398,823,226,38778,12467,32697
PJM,7/9/2023 7 a.m. EDT,506,561,545,857,222,39444,12499,32707
PJM,7/9/2023 8 a.m. EDT,552,1612,462,938,220,42308,12723,32676
PJM,7/9/2023 9 a.m. EDT,420,2164,608,1026,219,44883,13146,32662
PJM,7/9/2023 10 a.m. EDT,729,2658,446,1183,216,46754,13449,32670
PJM,7/9/2023 11 a.m. EDT,632,2874,1062,1310,238,49015,14567,32638
PJM,7/9/2023 12 p.m. EDT,540,2749,1047,1272,444,51191,15839,32615
PJM,7/9/2023 1 p.m. EDT,484,2875,1180,1205,394,51658,17060,32623
PJM,7/9/2023 2 p.m. EDT,361,2148,1802,1171,438,52361,18681,32595
PJM,7/9/2023 3 p.m. EDT,571,1937,2800,1084,442,52394,18356,32593
PJM,7/9/2023 4 p.m. EDT,632,1687,4300,1036,380,52729,17722,32644
PJM,7/9/2023 5 p.m. EDT,1066,1745,4804,1042,400,53435,17277,32630
PJM,7/9/2023 6 p.m. EDT,778,1882,4812,1124,424,53470,17919,32629
PJM,7/9/2023 7 p.m. EDT,424,910,4838,1014,417,52542,18089,32646
PJM,7/9/2023 8 p.m. EDT,326,132,2802,970,400,51935,18354,32650
PJM,7/9/2023 9 p.m. EDT,454,6,1005,978,388,51670,18469,32661
PJM,7/9/2023 10 p.m. EDT,771,5,704,902,304,49089,17381,32588
PJM,7/9/2023 11 p.m. EDT,947,5,732,808,217,46378,15968,32694
PJM,7/10/2023 12 a.m. EDT,522,5,643,799,219,46581,14306,32534
PJM,7/10/2023 1 a.m. EDT,877,5,472,807,220,41656,13303,32730
PJM,7/10/2023 2 a.m. EDT,971,5,522,824,218,39171,12857,32753
PJM,7/10/2023 3 a.m. EDT,979,5,597,829,217,37739,13077,32722
PJM,7/10/2023 4 a.m. EDT,979,5,563,823,219,37427,13131,32710
PJM,7/10/2023 5 a.m. EDT,1121,5,615,827,222,39527,13241,32734
PJM,7/10/2023 6 a.m. EDT,982,33,641,822,224,41457,13292,32756
PJM,7/10/2023 7 a.m. EDT,967,783,794,866,223,45546,13533,32758
PJM,7/10/2023 8 a.m. EDT,956,1582,678,868,222,48428,14045,32693
PJM,7/10/2023 9 a.m. EDT,1020,2424,726,1017,219,50210,14612,32720
PJM,7/10/2023 10 a.m. EDT,1139,2905,608,1738,232,51895,15668,32710
PJM,7/10/2023 11 a.m. EDT,1327,2989,1044,1946,403,53890,16479,32697
PJM,7/10/2023 12 p.m. EDT,1311,3368,1187,1893,434,56639,17826,32673
PJM,7/10/2023 1 p.m. EDT,1265,3068,1419,1991,435,59283,19217,32627
PJM,7/10/2023 2 p.m. EDT,1164,3032,3449,1977,446,59763,20189,32604
PJM,7/10/2023 3 p.m. EDT,1286,3086,4472,2150,446,60947,20898,32583
PJM,7/10/2023 4 p.m. EDT,1526,2694,5274,2255,445,61840,21782,32556
PJM,7/10/2023 5 p.m. EDT,1715,2776,5274,2301,519,62878,21968,32545
PJM,7/10/2023 6 p.m. EDT,1861,2342,6023,2302,518,63207,22474,32544
PJM,7/10/2023 7 p.m. EDT,1739,1071,5749,2189,492,62591,21968,32548
PJM,7/10/2023 8 p.m. EDT,1383,85,4816,2132,475,60974,21132,32584
PJM,7/10/2023 9 p.m. EDT,1717,6,2655,2086,507,58280,20918,32589
PJM,7/10/2023 10 p.m. EDT,1944,6,1046,1498,388,53999,19438,32598
PJM,7/10/2023 11 p.m. EDT,2654,6,979,1057,218,49335,17554,32616
PJM,7/11/2023 12 a.m. EDT,872,5,646,807,219,42932,14156,32712
PJM,7/11/2023 1 a.m. EDT,3525,2,938,786,223,41538,14599,32665
PJM,7/11/2023 2 a.m. EDT,3594,2,841,771,221,39148,14237,32647
PJM,7/11/2023 3 a.m. EDT,4114,2,886,739,220,35599,14205,32695
PJM,7/11/2023 4 a.m. EDT,4152,2,606,736,225,34805,14402,32743
PJM,7/11/2023 5 a.m. EDT,4298,2,693,744,227,35778,14662,32752
PJM,7/11/2023 6 a.m. EDT,4043,69,883,748,229,38616,14900,32765
PJM,7/11/2023 7 a.m. EDT,3583,1374,747,858,233,41496,15031,32779
PJM,7/11/2023 8 a.m. EDT,2426,3139,930,1052,235,44449,15147,32748
PJM,7/11/2023 9 a.m. EDT,1569,3781,969,1177,236,49182,15931,32716
PJM,7/11/2023 10 a.m. EDT,1596,4029,751,1896,244,53989,16472,32704
PJM,7/11/2023 11 a.m. EDT,1819,3981,1293,2104,448,57292,17292,32632
PJM,7/11/2023 12 p.m. EDT,1804,3920,2594,2286,430,59466,18414,32593
PJM,7/11/2023 1 p.m. EDT,2332,3871,3663,2347,435,62229,19037,32564
PJM,7/11/2023 2 p.m. EDT,2694,3775,4181,2332,446,63422,19658,32482
PJM,7/11/2023 3 p.m. EDT,2704,3699,4676,2514,530,64321,20739,32463
PJM,7/11/2023 4 p.m. EDT,2907,3672,4743,2748,519,66059,21473,32451
PJM,7/11/2023 5 p.m. EDT,3068,3208,5326,2952,520,66624,21783,32450
PJM,7/11/2023 6 p.m. EDT,2696,2433,5386,3146,521,66524,22074,32457
PJM,7/11/2023 7 p.m. EDT,1853,1077,5236,3003,500,65972,22062,32456
PJM,7/11/2023 8 p.m. EDT,1480,67,3903,2716,416,63880,21026,32488
PJM,7/11/2023 9 p.m. EDT,1546,13,779,2492,396,62492,20368,32488
PJM,7/11/2023 10 p.m. EDT,1638,13,624,1617,214,57851,20429,32536
PJM,7/11/2023 11 p.m. EDT,1644,8,571,1021,192,51777,18800,32542
PJM,7/12/2023 12 a.m. EDT,3261,4,1072,779,223,43849,15896,32634
PJM,7/12/2023 1 a.m. EDT,2161,4,480,751,396,46036,14554,32616
PJM,7/12/2023 2 a.m. EDT,2285,4,482,741,392,43964,13843,32630
PJM,7/12/2023 3 a.m. EDT,2418,4,506,746,392,41935,13243,32633
PJM,7/12/2023 4 a.m. EDT,2460,4,584,748,404,40698,12901,32642
PJM,7/12/2023 5 a.m. EDT,2866,4,562,755,421,41333,12891,32699
PJM,7/12/2023 6 a.m. EDT,2944,57,576,756,430,44080,13144,32718
PJM,7/12/2023 7 a.m. EDT,3084,1233,588,903,427,47402,13561,32722
PJM,7/12/2023 8 a.m. EDT,2267,2799,565,1079,424,50060,13938,32693
PJM,7/12/2023 9 a.m. EDT,1760,3598,586,1326,456,52442,14688,32647
PJM,7/12/2023 10 a.m. EDT,1637,3993,625,2288,585,56405,15250,32633
PJM,7/12/2023 11 a.m. EDT,1973,4056,1193,2196,994,60371,16440,32068
PJM,7/12/2023 12 p.m. EDT,2021,4016,2990,2368,831,62641,17511,32014
PJM,7/12/2023 1 p.m. EDT,1980,3733,4599,2506,804,64550,19124,32015
PJM,7/12/2023 2 p.m. EDT,2186,3759,5452,2527,731,65700,19707,32033
PJM,7/12/2023 3 p.m. EDT,3534,3715,5535,2551,796,65649,19674,32005
PJM,7/12/2023 4 p.m. EDT,4680,3467,4714,2610,939,66789,20983,31975
PJM,7/12/2023 5 p.m. EDT,4796,3125,4920,2634,1104,66183,21985,31968
PJM,7/12/2023 6 p.m. EDT,5006,2328,4257,2676,1272,66818,22248,31968
PJM,7/12/2023 7 p.m. EDT,4785,963,3827,2495,1192,66122,22764,31988
PJM,7/12/2023 8 p.m. EDT,4097,98,4941,2243,1190,63170,21671,32003
PJM,7/12/2023 9 p.m. EDT,4064,6,3916,2063,984,60828,20695,32070
PJM,7/12/2023 10 p.m. EDT,4265,6,2140,1012,927,57953,20266,32103
PJM,7/12/2023 11 p.m. EDT,3841,6,782,910,486,52449,18926,32108
PJM,7/13/2023 12 a.m. EDT,1866,4,504,735,390,48806,16859,32545
PJM,7/13/2023 1 a.m. EDT,2982,4,619,805,421,48504,15155,32053
PJM,7/13/2023 2 a.m. EDT,2904,4,508,808,417,46544,14501,32087
PJM,7/13/2023 3 a.m. EDT,2678,4,437,810,417,45533,13788,32098
PJM,7/13/2023 4 a.m. EDT,2111,4,441,810,420,45375,13616,32112
PJM,7/13/2023 5 a.m. EDT,1682,4,449,806,423,46705,13668,32114
PJM,7/13/2023 6 a.m. EDT,1394,58,559,815,422,49831,14592,32119
PJM,7/13/2023 7 a.m. EDT,1413,1070,510,964,420,51301,16018,32127
PJM,7/13/2023 8 a.m. EDT,1327,2641,508,1104,434,53156,17386,32090
PJM,7/13/2023 9 a.m. EDT,1245,3182,498,1311,741,56049,17781,32157
PJM,7/13/2023 10 a.m. EDT,1339,3505,541,2076,887,59520,18699,32129
PJM,7/13/2023 11 a.m. EDT,1310,3734,1144,2096,1035,61676,20508,32110
PJM,7/13/2023 12 p.m. EDT,1350,3849,2052,2217,1330,63513,21840,32084
PJM,7/13/2023 1 p.m. EDT,1297,3910,3953,2260,1656,65295,22370,32052
PJM,7/13/2023 2 p.m. EDT,1294,3598,4222,2054,1866,68034,23101,32036
PJM,7/13/2023 3 p.m. EDT,1306,3408,4755,2206,1754,68956,22783,32019
PJM,7/13/2023 4 p.m. EDT,864,2662,5393,2149,1989,70224,23708,31988
PJM,7/13/2023 5 p.m. EDT,624,2391,5052,2123,2698,70993,24251,31986
PJM,7/13/2023 6 p.m. EDT,653,1564,5406,1982,2839,70429,24014,31976
PJM,7/13/2023 7 p.m. EDT,620,670,4725,1946,2631,70518,23772,31971
PJM,7/13/2023 8 p.m. EDT,851,83,4596,1927,2488,67253,23713,31998
PJM,7/13/2023 9 p.m. EDT,930,4,2560,1880,2281,65851,23739,31969
PJM,7/13/2023 10 p.m. EDT,1062,4,630,1432,1762,62424,23204,31994
PJM,7/13/2023 11 p.m. EDT,1146,4,734,1127,929,56448,22877,31863
PJM,7/14/2023 12 a.m. EDT,3213,4,616,799,417,49816,16889,32075
PJM,7/14/2023 1 a.m. EDT,2010,4,455,1147,227,49121,19121,32068
PJM,7/14/2023 2 a.m. EDT,2068,4,440,1161,224,47360,17130,32081
PJM,7/14/2023 3 a.m. EDT,2063,4,402,1096,226,46036,15794,32107
PJM,7/14/2023 4 a.m. EDT,1950,4,390,1108,229,44979,14973,32126
PJM,7/14/2023 5 a.m. EDT,1729,4,427,1178,236,46995,14778,32137
PJM,7/14/2023 6 a.m. EDT,1356,6,452,1207,236,49070,15433,32152
PJM,7/14/2023 7 a.m. EDT,1273,398,462,1304,231,51239,17228,32172
PJM,7/14/2023 8 a.m. EDT,1194,1255,486,1495,229,54087,18783,32170
PJM,7/14/2023 9 a.m. EDT,563,1768,609,1784,399,58083,19340,32130
PJM,7/14/2023 10 a.m. EDT,850,2195,637,2279,611,61630,18892,32105
PJM,7/14/2023 11 a.m. EDT,1025,2724,1335,2528,602,64165,19647,32091
PJM,7/14/2023 12 p.m. EDT,952,3098,2515,2685,578,66830,21357,32077
PJM,7/14/2023 1 p.m. EDT,1170,3550,3912,2830,595,69802,22004,32034
PJM,7/14/2023 2 p.m. EDT,1195,3568,4066,2803,1091,70803,22224,32008
PJM,7/14/2023 3 p.m. EDT,1375,3560,4709,2864,1088,72357,22679,32022
PJM,7/14/2023 4 p.m. EDT,1273,3355,5595,2902,1147,73254,22817,31995
PJM,7/14/2023 5 p.m. EDT,1302,2530,5836,2778,1088,72947,23170,31974
PJM,7/14/2023 6 p.m. EDT,1844,2242,5437,2749,836,70338,22598,31985
PJM,7/14/2023 7 p.m. EDT,1231,1054,5320,2667,865,69132,22976,31987
PJM,7/14/2023 8 p.m. EDT,1679,94,3142,2566,807,67972,22592,32011
PJM,7/14/2023 9 p.m. EDT,1252,12,1654,2470,650,66433,22032,32022
PJM,7/14/2023 10 p.m. EDT,2275,12,801,1514,419,60815,20574,32040
PJM,7/14/2023 11 p.m. EDT,1792,4,616,1186,229,55589,20230,32043
PJM,7/15/2023 12 a.m. EDT,1602,4,410,1280,237,51224,21648,31809
PJM,7/15/2023 1 a.m. EDT,2753,4,584,1186,227,46891,16081,32192
PJM,7/15/2023 2 a.m. EDT,3646,4,581,1207,227,44539,14887,32288
PJM,7/15/2023 3 a.m. EDT,2593,4,622,1195,227,43846,13712,32331
PJM,7/15/2023 4 a.m. EDT,1546,4,537,1187,231,43587,13565,32445
PJM,7/15/2023 5 a.m. EDT,644,4,495,1191,236,43913,13606,32537
PJM,7/15/2023 6 a.m. EDT,478,22,498,1203,238,43470,13553,32550
PJM,7/15/2023 7 a.m. EDT,558,602,457,1236,234,45158,13693,32581
PJM,7/15/2023 8 a.m. EDT,572,1579,656,1281,229,48282,13918,32589
PJM,7/15/2023 9 a.m. EDT,548,2387,706,1339,232,52040,15929,32612
PJM,7/15/2023 10 a.m. EDT,599,2590,795,1685,242,54310,16835,32609
PJM,7/15/2023 11 a.m. EDT,700,2797,1140,1856,437,57632,18065,32543
PJM,7/15/2023 12 p.m. EDT,831,3011,2233,2126,519,60253,19576,32450
PJM,7/15/2023 1 p.m. EDT,959,2883,3222,2245,504,61187,20016,32431
PJM,7/15/2023 2 p.m. EDT,1248,2714,3925,2447,558,61794,20520,32436
PJM,7/15/2023 3 p.m. EDT,1629,2754,4658,2495,557,61383,20094,32440
PJM,7/15/2023 4 p.m. EDT,1987,2086,5361,2481,558,61632,19924,32492
PJM,7/15/2023 5 p.m. EDT,1679,2315,5697,2490,576,61829,19235,32491
PJM,7/15/2023 6 p.m. EDT,1845,1646,5149,2479,561,61674,19214,32489
PJM,7/15/2023 7 p.m. EDT,2159,602,5254,2209,582,59632,19218,32498
PJM,7/15/2023 8 p.m. EDT,2270,76,4450,1991,482,59425,18777,32515
PJM,7/15/2023 9 p.m. EDT,1739,9,2643,1820,416,58446,18380,32565
PJM,7/15/2023 10 p.m. EDT,2074,8,740,1212,221,55882,17908,32572
PJM,7/15/2023 11 p.m. EDT,2250,5,579,1214,221,52459,17077,32564
PJM,7/16/2023 12 a.m. EDT,2147,4,516,1175,229,50930,18479,32099
PJM,7/16/2023 1 a.m. EDT,2192,4,537,1218,224,46143,14878,32570
PJM,7/16/2023 2 a.m. EDT,1803,4,542,1055,224,45572,14691,32566
PJM,7/16/2023 3 a.m. EDT,1575,4,609,1056,217,43974,14250,32594
PJM,7/16/2023 4 a.m. EDT,2024,4,611,1056,222,41784,14149,32621
PJM,7/16/2023 5 a.m. EDT,1922,4,628,1054,224,41109,14023,32625
PJM,7/16/2023 6 a.m. EDT,1652,9,587,1221,224,40690,13988,32658
PJM,7/16/2023 7 a.m. EDT,1361,311,552,1221,221,42091,13989,32665
PJM,7/16/2023 8 a.m. EDT,956,887,595,1290,221,44342,13915,32655
PJM,7/16/2023 9 a.m. EDT,697,1580,750,1335,217,46553,14143,32644
PJM,7/16/2023 10 a.m. EDT,470,2142,711,1615,397,49721,14759,32659
PJM,7/16/2023 11 a.m. EDT,728,2498,895,1616,558,51496,15208,32637
PJM,7/16/2023 12 p.m. EDT,1225,2663,824,1589,548,53756,15581,32624
PJM,7/16/2023 1 p.m. EDT,2056,2625,1143,1758,568,55657,16722,32571
PJM,7/16/2023 2 p.m. EDT,2901,2803,1713,1883,565,56050,17148,32571
PJM,7/16/2023 3 p.m. EDT,3289,2848,4353,1850,543,55265,16753,32557
PJM,7/16/2023 4 p.m. EDT,3077,2930,5099,1820,601,56015,18000,32536
PJM,7/16/2023 5 p.m. EDT,2558,2759,5328,1875,441,57575,18716,32524
PJM,7/16/2023 6 p.m. EDT,2241,1961,5346,1868,440,57728,19842,32512
PJM,7/16/2023 7 p.m. EDT,1729,617,5628,1772,438,57731,20421,32498
PJM,7/16/2023 8 p.m. EDT,1736,24,4560,1862,436,57239,19436,32512
PJM,7/16/2023 9 p.m. EDT,1898,8,3096,1887,386,56679,17885,32534
PJM,7/16/2023 10 p.m. EDT,2389,8,583,1491,212,54663,17333,32545
PJM,7/16/2023 11 p.m. EDT,3260,8,601,1221,215,48497,16527,32586
PJM,7/17/2023 12 a.m. EDT,2093,4,575,1211,225,48927,15967,32563
PJM,7/17/2023 1 a.m. EDT,3716,8,578,1211,215,41329,14554,32592
PJM,7/17/2023 2 a.m. EDT,3906,9,651,1203,215,40156,14416,32609
PJM,7/17/2023 3 a.m. EDT,3444,8,671,1212,215,38362,14696,32629
PJM,7/17/2023 4 a.m. EDT,2961,8,702,1208,218,38635,14957,32651
PJM,7/17/2023 5 a.m. EDT,2828,8,694,1212,220,39904,15126,32651
PJM,7/17/2023 6 a.m. EDT,2234,39,580,1194,223,43298,15246,32675
PJM,7/17/2023 7 a.m. EDT,1646,668,567,1255,220,47253,15583,32696
PJM,7/17/2023 8 a.m. EDT,1334,1704,615,1501,218,49982,16230,32670
PJM,7/17/2023 9 a.m. EDT,876,2517,618,1675,249,53641,17427,32654
PJM,7/17/2023 10 a.m. EDT,806,3278,612,2368,313,56088,17684,32656
PJM,7/17/2023 11 a.m. EDT,818,3713,1224,2392,688,59712,18972,32620
PJM,7/17/2023 12 p.m. EDT,1031,3779,1621,2434,831,60914,20752,32592
PJM,7/17/2023 1 p.m. EDT,1303,3684,3345,2360,917,62441,21746,32574
PJM,7/17/2023 2 p.m. EDT,1505,3613,4923,2666,1080,62561,23091,32504
PJM,7/17/2023 3 p.m. EDT,1664,3539,5490,2805,1082,63615,23312,32505
PJM,7/17/2023 4 p.m. EDT,1680,3106,6183,2625,989,64419,23212,32504
PJM,7/17/2023 5 p.m. EDT,1647,2478,6019,2624,1022,64492,24181,32484
PJM,7/17/2023 6 p.m. EDT,1720,1348,5938,2762,1246,64378,24231,32493
PJM,7/17/2023 7 p.m. EDT,1491,360,5559,2680,1307,63608,23842,32485
PJM,7/17/2023 8 p.m. EDT,920,16,3771,2602,976,62330,23369,32506
PJM,7/17/2023 9 p.m. EDT,790,5,2563,2454,755,60187,21364,32509
PJM,7/17/2023 10 p.m. EDT,899,8,531,1701,608,57213,19974,32531
PJM,7/17/2023 11 p.m. EDT,1073,14,512,1574,274,53101,18541,32551
PJM,7/18/2023 12 a.m. EDT,3761,8,567,1229,216,43749,15399,32582
PJM,7/18/2023 1 a.m. EDT,1213,5,583,1239,216,45743,16505,32594
PJM,7/18/2023 2 a.m. EDT,1476,5,522,1233,213,44145,16348,32595
PJM,7/18/2023 3 a.m. EDT,1602,5,568,1224,214,40996,16229,32621
PJM,7/18/2023 4 a.m. EDT,1014,5,586,1230,216,41072,16196,32629
PJM,7/18/2023 5 a.m. EDT,912,5,618,1239,222,42124,16214,32652
PJM,7/18/2023 6 a.m. EDT,777,15,664,1228,225,44922,16202,32653
PJM,7/18/2023 7 a.m. EDT,880,593,686,1272,226,46733,16558,32655
PJM,7/18/2023 8 a.m. EDT,897,1879,728,1387,222,48284,16777,32639
PJM,7/18/2023 9 a.m. EDT,924,2904,735,1503,288,52016,17430,32624
PJM,7/18/2023 10 a.m. EDT,679,3462,716,2337,302,55708,18258,32614
PJM,7/18/2023 11 a.m. EDT,587,3689,1035,2447,917,57856,19466,32577
PJM,7/18/2023 12 p.m. EDT,525,4035,1166,2776,617,59539,20458,32565
PJM,7/18/2023 1 p.m. EDT,658,4140,2467,2798,584,60650,21078,32535
PJM,7/18/2023 2 p.m. EDT,724,4000,4697,2792,773,61825,22314,32519
PJM,7/18/2023 3 p.m. EDT,774,3811,4448,2610,968,63415,23225,32045
PJM,7/18/2023 4 p.m. EDT,812,3515,5763,2570,878,63571,23682,31942
PJM,7/18/2023 5 p.m. EDT,766,2733,6297,2569,1006,64170,24360,31912
PJM,7/18/2023 6 p.m. EDT,537,1854,5838,2502,1215,63801,25203,31911
PJM,7/18/2023 7 p.m. EDT,225,640,5574,2360,1023,63095,24917,31965
PJM,7/18/2023 8 p.m. EDT,238,86,4161,2122,810,61892,24360,32127
PJM,7/18/2023 9 p.m. EDT,640,14,2102,1851,721,60750,22950,32142
PJM,7/18/2023 10 p.m. EDT,822,6,775,1375,215,56959,21047,32145
PJM,7/18/2023 11 p.m. EDT,1015,8,867,1370,216,52451,19824,32162
PJM,7/19/2023 12 a.m. EDT,1112,7,503,1347,217,49433,17269,32577
PJM,7/19/2023 1 a.m. EDT,766,4,618,1060,218,46932,17201,32214
PJM,7/19/2023 2 a.m. EDT,685,4,619,1048,218,44958,16711,32231
PJM,7/19/2023 3 a.m. EDT,722,4,633,1024,221,43519,16519,32236
PJM,7/19/2023 4 a.m. EDT,638,4,675,1038,225,43350,16425,32245
PJM,7/19/2023 5 a.m. EDT,553,4,710,1029,226,44608,16647,32264
PJM,7/19/2023 6 a.m. EDT,782,29,711,1045,221,47118,17040,32292
PJM,7/19/2023 7 a.m. EDT,828,494,710,1089,224,48629,17087,32315
PJM,7/19/2023 8 a.m. EDT,809,885,669,1136,236,50568,17537,32324
PJM,7/19/2023 9 a.m. EDT,526,1292,799,1134,321,52941,18836,32296
PJM,7/19/2023 10 a.m. EDT,427,1896,875,1650,330,54857,19806,32264
PJM,7/19/2023 11 a.m. EDT,513,2242,1252,1730,499,56388,20323,32258
PJM,7/19/2023 12 p.m. EDT,766,2139,1969,2031,462,57949,22124,32238
PJM,7/19/2023 1 p.m. EDT,671,2588,2214,2144,440,60086,22517,32221
PJM,7/19/2023 2 p.m. EDT,728,2635,4184,2211,437,61541,22967,32206
PJM,7/19/2023 3 p.m. EDT,683,2862,5428,2202,495,62760,23139,32178
PJM,7/19/2023 4 p.m. EDT,588,2607,5980,2478,437,64581,23315,32177
PJM,7/19/2023 5 p.m. EDT,487,2525,6176,2678,435,65750,24546,32158
PJM,7/19/2023 6 p.m. EDT,509,1580,6259,2630,435,65772,25287,32148
PJM,7/19/2023 7 p.m. EDT,420,672,5253,2403,437,64326,25443,32145
PJM,7/19/2023 8 p.m. EDT,288,69,4516,2109,438,62755,24953,32142
PJM,7/19/2023 9 p.m. EDT,344,11,3210,1916,431,61046,24613,32155
PJM,7/19/2023 10 p.m. EDT,458,9,877,1270,212,57081,23603,32150
PJM,7/19/2023 11 p.m. EDT,472,4,600,1216,214,52010,23452,32193
PJM,7/20/2023 12 a.m. EDT,942,4,623,1116,219,48764,17995,32190
PJM,7/20/2023 1 a.m. EDT,673,4,560,1026,216,45830,18317,32379
PJM,7/20/2023 2 a.m. EDT,901,4,526,1029,223,45142,17324,32398
PJM,7/20/2023 3 a.m. EDT,1040,4,527,1043,225,42774,16852,32422
PJM,7/20/2023 4 a.m. EDT,1325,4,518,1031,229,42662,16620,32444
PJM,7/20/2023 5 a.m. EDT,1441,4,640,1007,233,43028,16892,32470
PJM,7/20/2023 6 a.m. EDT,1361,28,772,1026,233,46173,17157,32459
PJM,7/20/2023 7 a.m. EDT,1580,853,682,1153,230,47791,18080,32483
PJM,7/20/2023 8 a.m. EDT,1291,2365,690,1342,295,50494,19053,32483
PJM,7/20/2023 9 a.m. EDT,1115,3273,970,1513,347,53292,20942,32448
PJM,7/20/2023 10 a.m. EDT,1217,3176,877,2072,478,57141,21042,32384
PJM,7/20/2023 11 a.m. EDT,1691,3329,1586,2444,464,60427,22791,32353
PJM,7/20/2023 12 p.m. EDT,1970,3480,1871,2457,455,62693,24227,32316
PJM,7/20/2023 1 p.m. EDT,2775,3481,4945,2698,498,63651,24887,32272
PJM,7/20/2023 2 p.m. EDT,3692,3246,5126,3012,487,65332,25432,32266
PJM,7/20/2023 3 p.m. EDT,4573,3587,5276,3296,501,64612,25610,32254
PJM,7/20/2023 4 p.m. EDT,5170,2927,5361,3254,449,65875,25310,32240
PJM,7/20/2023 5 p.m. EDT,5730,2538,5208,3327,451,65270,25574,32261
PJM,7/20/2023 6 p.m. EDT,5952,1472,5300,3054,533,64308,25625,32269
PJM,7/20/2023 7 p.m. EDT,5106,631,5406,2735,542,63144,25374,32296
PJM,7/20/2023 8 p.m. EDT,3824,56,4576,2536,394,62106,24430,32314
PJM,7/20/2023 9 p.m. EDT,3319,13,1561,1971,391,61308,23910,32374
PJM,7/20/2023 10 p.m. EDT,3858,4,862,1354,220,56593,22055,32438
PJM,7/20/2023 11 p.m. EDT,3903,4,793,1244,219,51944,20986,32458
PJM,7/21/2023 12 a.m. EDT,670,4,611,1056,214,47621,20361,32289
PJM,7/21/2023 1 a.m. EDT,3895,4,502,958,218,45602,16618,32535
PJM,7/21/2023 2 a.m. EDT,3346,4,516,924,217,45253,16524,32539
PJM,7/21/2023 3 a.m. EDT,3027,4,577,907,214,42934,16148,32555
PJM,7/21/2023 4 a.m. EDT,2664,4,533,913,216,42226,16009,32599
PJM,7/21/2023 5 a.m. EDT,2236,4,590,951,220,43508,16009,32604
PJM,7/21/2023 6 a.m. EDT,2316,13,646,953,222,44411,15948,32656
PJM,7/21/2023 7 a.m. EDT,1846,933,681,1049,222,45633,16081,32673
PJM,7/21/2023 8 a.m. EDT,1304,2667,622,1174,221,48346,16619,32666
PJM,7/21/2023 9 a.m. EDT,1033,3228,673,1203,218,50995,17898,32662
PJM,7/21/2023 10 a.m. EDT,1372,3710,972,1464,232,52893,18530,32570
PJM,7/21/2023 11 a.m. EDT,1436,3712,1281,1554,411,55342,19110,32329
PJM,7/21/2023 12 p.m. EDT,1435,3820,1398,1601,415,57441,20641,32359
PJM,7/21/2023 1 p.m. EDT,1499,3909,3719,1581,458,58320,21295,32325
PJM,7/21/2023 2 p.m. EDT,1463,3695,5068,1568,441,59229,22275,32334
PJM,7/21/2023 3 p.m. EDT,1566,3454,5716,1573,441,59405,22719,32338
PJM,7/21/2023 4 p.m. EDT,1515,3402,6308,1480,441,59518,23426,32332
PJM,7/21/2023 5 p.m. EDT,1217,2919,5729,1529,515,60987,23932,32328
PJM,7/21/2023 6 p.m. EDT,1117,2280,5427,1440,486,61025,24045,32345
PJM,7/21/2023 7 p.m. EDT,929,1024,5226,1390,514,60061,23661,32352
PJM,7/21/2023 8 p.m. EDT,837,79,4124,1333,508,58332,23014,32352
PJM,7/21/2023 9 p.m. EDT,705,8,2333,1335,412,55992,23334,32375
PJM,7/21/2023 10 p.m. EDT,613,8,1045,1072,210,51599,22707,32276
PJM,7/21/2023 11 p.m. EDT,519,10,1036,1076,258,48210,20345,32299
PJM,7/22/2023 12 a.m. EDT,3585,4,565,959,215,48349,18521,32485
PJM,7/22/2023 1 a.m. EDT,571,4,617,966,214,40930,17588,32376
PJM,7/22/2023 2 a.m. EDT,515,4,631,970,211,39599,16482,32383
PJM,7/22/2023 3 a.m. EDT,410,4,588,975,212,38362,15907,32510
PJM,7/22/2023 4 a.m. EDT,334,4,572,986,218,36879,15432,32566
PJM,7/22/2023 5 a.m. EDT,335,4,604,974,222,36869,15040,32593
PJM,7/22/2023 6 a.m. EDT,318,14,616,952,222,36143,14558,32611
PJM,7/22/2023 7 a.m. EDT,321,890,655,983,219,37254,14606,32638
PJM,7/22/2023 8 a.m. EDT,294,2043,737,1134,218,39583,15356,32633
PJM,7/22/2023 9 a.m. EDT,304,2504,646,1102,217,42924,16260,32644
PJM,7/22/2023 10 a.m. EDT,360,2929,850,1129,216,44198,16264,32614
PJM,7/22/2023 11 a.m. EDT,379,3119,997,1283,223,47734,16113,32586
PJM,7/22/2023 12 p.m. EDT,332,3469,1138,1302,304,50801,16821,32573
PJM,7/22/2023 1 p.m. EDT,520,3627,2217,1384,419,52008,17740,32560
PJM,7/22/2023 2 p.m. EDT,488,3482,4533,1357,418,52849,17922,32537
PJM,7/22/2023 3 p.m. EDT,700,3343,5590,1391,396,54120,18248,32513
PJM,7/22/2023 4 p.m. EDT,612,2869,6344,1397,467,55119,19222,32496
PJM,7/22/2023 5 p.m. EDT,738,2387,6633,1316,460,55186,21168,32509
PJM,7/22/2023 6 p.m. EDT,614,1869,6163,1252,559,54905,20871,32525
PJM,7/22/2023 7 p.m. EDT,342,834,6270,1215,529,54498,20289,32540
PJM,7/22/2023 8 p.m. EDT,218,76,4163,1156,310,52876,19843,32576
PJM,7/22/2023 9 p.m. EDT,282,13,2573,1179,314,50769,20617,32590
PJM,7/22/2023 10 p.m. EDT,288,13,664,989,212,48309,19455,32385
PJM,7/22/2023 11 p.m. EDT,563,4,568,944,211,45819,18158,32417
PJM,7/23/2023 12 a.m. EDT,575,4,726,960,212,44297,19290,32341
PJM,7/23/2023 1 a.m. EDT,1050,4,623,947,217,38310,14855,32665
PJM,7/23/2023 2 a.m. EDT,1165,4,593,963,215,35068,14465,32699
PJM,7/23/2023 3 a.m. EDT,1001,4,618,942,214,33261,14545,32697
PJM,7/23/2023 4 a.m. EDT,806,4,576,935,216,32155,14708,32706
PJM,7/23/2023 5 a.m. EDT,998,4,602,954,216,31106,14740,32712
PJM,7/23/2023 6 a.m. EDT,1048,24,557,930,216,30278,14726,32723
PJM,7/23/2023 7 a.m. EDT,934,1025,588,1042,228,31592,14730,32739
PJM,7/23/2023 8 a.m. EDT,610,2831,702,1198,268,34873,14789,32734
PJM,7/23/2023 9 a.m. EDT,571,3659,700,1204,430,37149,14901,32706
PJM,7/23/2023 10 a.m. EDT,692,4169,649,1224,604,41567,15137,32653
PJM,7/23/2023 11 a.m. EDT,741,4291,1070,1237,598,46552,15668,32601
PJM,7/23/2023 12 p.m. EDT,851,4031,1048,1290,663,51003,16822,32588
PJM,7/23/2023 1 p.m. EDT,800,3602,1257,1613,649,53604,17958,32560
PJM,7/23/2023 2 p.m. EDT,842,3706,2974,1702,668,54206,18708,32533
PJM,7/23/2023 3 p.m. EDT,548,3514,5549,1751,744,55576,18934,32513
PJM,7/23/2023 4 p.m. EDT,745,3125,5561,1842,646,57522,21332,32512
PJM,7/23/2023 5 p.m. EDT,655,3020,6309,1863,698,58534,22036,32512
PJM,7/23/2023 6 p.m. EDT,478,2072,6023,1847,662,59015,22590,32498
PJM,7/23/2023 7 p.m. EDT,255,576,5967,1682,745,58586,22622,32513
PJM,7/23/2023 8 p.m. EDT,195,55,4087,1699,681,56854,21479,32517
PJM,7/23/2023 9 p.m. EDT,342,6,1882,1646,644,56028,21338,32520
PJM,7/23/2023 10 p.m. EDT,590,4,752,1619,529,51949,21031,32549
PJM,7/23/2023 11 p.m. EDT,469,4,586,1229,579,48548,19504,32549
PJM,7/24/2023 12 a.m. EDT,665,4,558,939,215,40607,16343,32650
PJM,7/24/2023 1 a.m. EDT,618,4,529,915,217,43135,17202,32589
PJM,7/24/2023 2 a.m. EDT,499,4,493,914,215,42234,16790,32597
PJM,7/24/2023 3 a.m. EDT,471,4,522,913,216,40778,16582,32615
PJM,7/24/2023 4 a.m. EDT,300,4,484,927,219,39960,16523,32620
PJM,7/24/2023 5 a.m. EDT,188,4,535,917,223,42504,16743,32615
PJM,7/24/2023 6 a.m. EDT,276,4,507,925,223,45094,16959,32633
PJM,7/24/2023 7 a.m. EDT,243,292,614,954,220,47036,17369,32633
PJM,7/24/2023 8 a.m. EDT,221,1096,564,1267,260,49844,17941,32636
PJM,7/24/2023 9 a.m. EDT,286,1993,645,1461,337,52255,18404,32619
PJM,7/24/2023 10 a.m. EDT,540,2543,510,2218,398,54730,18324,32606
PJM,7/24/2023 11 a.m. EDT,438,3274,1412,2320,430,58966,18907,32583
PJM,7/24/2023 12 p.m. EDT,458,3496,1950,2451,408,62032,20570,32548
PJM,7/24/2023 1 p.m. EDT,520,3779,3170,2480,447,64630,22356,32504
PJM,7/24/2023 2 p.m. EDT,547,3787,4488,2480,446,66413,23686,32444
PJM,7/24/2023 3 p.m. EDT,654,3280,4886,2382,471,68545,24328,32429
PJM,7/24/2023 4 p.m. EDT,686,2779,5452,2445,470,69776,24999,32422
PJM,7/24/2023 5 p.m. EDT,818,2303,5402,2501,624,70610,25758,32400
PJM,7/24/2023 6 p.m. EDT,656,1354,5685,2537,633,69375,26046,32396
PJM,7/24/2023 7 p.m. EDT,341,533,4992,2464,634,68101,25281,32425
PJM,7/24/2023 8 p.m. EDT,311,36,2962,2417,497,66034,24533,32441
PJM,7/24/2023 9 p.m. EDT,354,4,1817,2437,432,64513,23491,32337
PJM,7/24/2023 10 p.m. EDT,342,4,472,1977,298,59339,22258,32362
PJM,7/24/2023 11 p.m. EDT,384,4,461,1936,214,53095,21564,32526
PJM,7/25/2023 12 a.m. EDT,580,4,503,952,216,45849,18173,32572
PJM,7/25/2023 1 a.m. EDT,476,4,410,1471,216,44525,18145,32538
PJM,7/25/2023 2 a.m. EDT,478,4,439,1484,215,42595,17754,32566
PJM,7/25/2023 3 a.m. EDT,520,4,474,1471,212,39702,17764,32578
PJM,7/25/2023 4 a.m. EDT,522,4,427,1464,214,39382,17853,32584
PJM,7/25/2023 5 a.m. EDT,362,4,524,1466,220,40558,17918,32604
PJM,7/25/2023 6 a.m. EDT,498,8,583,1710,222,43276,18022,32603
PJM,7/25/2023 7 a.m. EDT,694,807,577,2302,220,45070,18522,32599
PJM,7/25/2023 8 a.m. EDT,712,2158,562,2694,274,47796,18900,32575
PJM,7/25/2023 9 a.m. EDT,443,3142,690,2765,278,52316,19231,32551
PJM,7/25/2023 10 a.m. EDT,422,3790,533,3507,293,56447,19832,32506
PJM,7/25/2023 11 a.m. EDT,570,4023,554,3453,565,60078,20504,32481
PJM,7/25/2023 12 p.m. EDT,679,3997,1324,3623,600,64021,21735,32422
PJM,7/25/2023 1 p.m. EDT,739,3882,3887,3558,652,65110,22920,32429
PJM,7/25/2023 2 p.m. EDT,915,3492,4331,3619,615,67426,23734,32452
PJM,7/25/2023 3 p.m. EDT,1126,3461,4712,3487,829,65587,24250,32459
PJM,7/25/2023 4 p.m. EDT,1172,3457,5320,3357,775,64373,25233,32459
PJM,7/25/2023 5 p.m. EDT,1255,2958,5396,2856,829,63962,26850,32444
PJM,7/25/2023 6 p.m. EDT,1243,1964,5552,2601,802,63565,27451,32414
PJM,7/25/2023 7 p.m. EDT,765,722,4864,2432,754,63272,27740,32429
PJM,7/25/2023 8 p.m. EDT,606,84,3726,2403,588,61290,26591,32435
PJM,7/25/2023 9 p.m. EDT,848,4,1913,2212,551,60158,25082,32458
PJM,7/25/2023 10 p.m. EDT,1549,6,689,1586,411,55742,23871,32450
PJM,7/25/2023 11 p.m. EDT,2723,6,701,1589,212,50524,22845,32487
PJM,7/26/2023 12 a.m. EDT,261,4,437,1678,216,48490,19873,32530
PJM,7/26/2023 1 a.m. EDT,3395,4,450,1318,418,42271,18698,32506
PJM,7/26/2023 2 a.m. EDT,2903,4,412,1418,417,41567,18251,32529
PJM,7/26/2023 3 a.m. EDT,2832,4,408,1316,418,39155,18074,32542
PJM,7/26/2023 4 a.m. EDT,2897,4,412,1287,419,38539,18107,32538
PJM,7/26/2023 5 a.m. EDT,2991,4,423,1285,425,40093,18106,32554
PJM,7/26/2023 6 a.m. EDT,3622,14,462,1292,422,42681,18288,32562
PJM,7/26/2023 7 a.m. EDT,4097,816,492,1369,420,44002,18443,32558
PJM,7/26/2023 8 a.m. EDT,3903,2499,492,1518,418,47116,18519,32552
PJM,7/26/2023 9 a.m. EDT,3411,3552,530,1678,418,51938,19659,32524
PJM,7/26/2023 10 a.m. EDT,3730,4003,509,2260,464,56535,20754,32463
PJM,7/26/2023 11 a.m. EDT,3860,4331,512,2514,653,59488,22060,32423
PJM,7/26/2023 12 p.m. EDT,4527,4305,1452,2891,495,61501,24090,32374
PJM,7/26/2023 1 p.m. EDT,5608,3969,3525,2853,557,63642,25078,32304
PJM,7/26/2023 2 p.m. EDT,5193,3865,4661,2591,680,66003,25408,32242
PJM,7/26/2023 3 p.m. EDT,4796,3891,4684,2696,553,67676,26560,32213
PJM,7/26/2023 4 p.m. EDT,4814,3084,5145,3000,605,68081,28135,32190
PJM,7/26/2023 5 p.m. EDT,4515,2584,5794,2978,653,68789,28215,32183
PJM,7/26/2023 6 p.m. EDT,4039,2002,5758,2920,674,68150,28888,32209
PJM,7/26/2023 7 p.m. EDT,3425,702,5433,2695,732,68852,29253,32222
PJM,7/26/2023 8 p.m. EDT,3370,35,4680,2416,692,66462,27763,32286
PJM,7/26/2023 9 p.m. EDT,3452,4,3315,2335,659,65096,26369,32296
PJM,7/26/2023 10 p.m. EDT,3327,4,1385,1581,553,60989,25107,32276
PJM,7/26/2023 11 p.m. EDT,2596,6,640,1594,331,58179,24354,32301
PJM,7/27/2023 12 a.m. EDT,3374,6,472,1379,416,45443,20682,32486
PJM,7/27/2023 1 a.m. EDT,2435,4,527,1387,533,49804,22021,32311
PJM,7/27/2023 2 a.m. EDT,2370,4,347,1405,530,47771,20443,32320
PJM,7/27/2023 3 a.m. EDT,2163,4,324,1375,532,46742,19828,32347
PJM,7/27/2023 4 a.m. EDT,1951,4,331,1390,536,46868,19326,32359
PJM,7/27/2023 5 a.m. EDT,1829,4,399,1397,535,47967,19952,32347
PJM,7/27/2023 6 a.m. EDT,1781,11,392,1373,553,50986,21569,32353
PJM,7/27/2023 7 a.m. EDT,1711,847,422,1465,709,52316,22283,32344
PJM,7/27/2023 8 a.m. EDT,1623,2347,415,1600,711,54246,22706,32331
PJM,7/27/2023 9 a.m. EDT,1512,3062,488,1674,943,57892,23261,32320
PJM,7/27/2023 10 a.m. EDT,1509,3478,435,2416,1182,63102,25372,32288
PJM,7/27/2023 11 a.m. EDT,1393,3792,685,2538,1438,66739,26058,32232
PJM,7/27/2023 12 p.m. EDT,1193,4013,3056,2676,1580,68862,28077,32203
PJM,7/27/2023 1 p.m. EDT,1273,3942,4451,2520,1664,70671,28858,32159
PJM,7/27/2023 2 p.m. EDT,1322,3783,4645,2676,1800,72218,29873,32089
PJM,7/27/2023 3 p.m. EDT,1431,4012,5016,2677,1868,72608,30449,32042
PJM,7/27/2023 4 p.m. EDT,1469,3517,5138,2709,1884,73908,31069,32058
PJM,7/27/2023 5 p.m. EDT,1499,2918,5242,2670,2064,74662,31267,32044
PJM,7/27/2023 6 p.m. EDT,1278,1826,4964,2604,2105,74886,31430,32049
PJM,7/27/2023 7 p.m. EDT,741,649,5109,2462,2056,75232,31425,32125
PJM,7/27/2023 8 p.m. EDT,899,56,4526,2257,1897,72310,30157,32134
PJM,7/27/2023 9 p.m. EDT,995,4,2609,2250,1861,72358,28834,32166
PJM,7/27/2023 10 p.m. EDT,1299,6,1018,1649,1404,68410,26930,32176
PJM,7/27/2023 11 p.m. EDT,1860,7,634,1577,976,64052,25586,32194
PJM,7/28/2023 12 a.m. EDT,2397,6,577,1394,530,52805,24422,32304
PJM,7/28/2023 1 a.m. EDT,1935,4,333,1443,753,50922,22644,32244
PJM,7/28/2023 2 a.m. EDT,2015,4,355,1452,762,48734,20179,32277
PJM,7/28/2023 3 a.m. EDT,2502,4,382,1450,789,45904,19328,32273
PJM,7/28/2023 4 a.m. EDT,2739,4,411,1391,840,45012,19037,32344
PJM,7/28/2023 5 a.m. EDT,3682,4,498,1448,936,44951,18953,32374
PJM,7/28/2023 6 a.m. EDT,3470,12,492,1406,1064,47818,19359,32406
PJM,7/28/2023 7 a.m. EDT,3738,723,488,1536,1286,48701,19753,32394
PJM,7/28/2023 8 a.m. EDT,2916,2360,543,1683,863,53568,20722,32380
PJM,7/28/2023 9 a.m. EDT,2411,3282,534,1716,773,56522,22426,32342
PJM,7/28/2023 10 a.m. EDT,3277,3572,746,2399,796,61161,23104,32287
PJM,7/28/2023 11 a.m. EDT,3693,3743,919,2500,869,64893,24236,32205
PJM,7/28/2023 12 p.m. EDT,3517,3691,2094,2601,999,66981,25687,32182
PJM,7/28/2023 1 p.m. EDT,2938,3587,3631,2752,1097,68264,25903,32098
PJM,7/28/2023 2 p.m. EDT,2685,3525,4549,2753,1118,69576,26956,32053
PJM,7/28/2023 3 p.m. EDT,2785,3515,5329,2573,1169,70016,27864,32003
PJM,7/28/2023 4 p.m. EDT,2703,3399,5568,2666,1373,70461,28272,32013
PJM,7/28/2023 5 p.m. EDT,2636,2931,5336,2626,1406,70894,29490,31994
PJM,7/28/2023 6 p.m. EDT,2008,2200,5646,2543,1464,70722,28735,31983
PJM,7/28/2023 7 p.m. EDT,1741,643,4890,2443,1275,70216,28577,32005
PJM,7/28/2023 8 p.m. EDT,1987,50,4811,2384,1074,68391,25584,31974
PJM,7/28/2023 9 p.m. EDT,3426,8,2720,2350,886,65908,24267,32038
PJM,7/28/2023 10 p.m. EDT,3619,8,750,2120,669,61050,22994,32120
PJM,7/28/2023 11 p.m. EDT,5227,8,558,1297,593,56589,21663,32193
PJM,7/29/2023 12 a.m. EDT,1934,7,374,1470,871,57793,24912,32232
PJM,7/29/2023 1 a.m. EDT,5007,8,458,1349,404,47773,19585,32276
PJM,7/29/2023 2 a.m. EDT,3318,8,566,1322,400,46372,18950,32287
PJM,7/29/2023 3 a.m. EDT,3338,8,629,1322,402,43291,18638,32319
PJM,7/29/2023 4 a.m. EDT,2109,8,553,1307,404,43696,18257,32334
PJM,7/29/2023 5 a.m. EDT,1821,8,495,1341,409,42902,18165,32392
PJM,7/29/2023 6 a.m. EDT,2114,6,518,1326,410,42134,17811,32403
PJM,7/29/2023 7 a.m. EDT,2335,453,661,1392,409,41716,17761,32434
PJM,7/29/2023 8 a.m. EDT,2327,1523,579,1491,406,45050,18085,32372
PJM,7/29/2023 9 a.m. EDT,2612,2700,609,1595,405,47685,18368,32344
PJM,7/29/2023 10 a.m. EDT,1807,3470,665,2304,415,52965,18729,32332
PJM,7/29/2023 11 a.m. EDT,1569,3958,886,2313,671,56342,19404,32319
PJM,7/29/2023 12 p.m. EDT,1890,4002,2413,2508,653,57416,20728,32319
PJM,7/29/2023 1 p.m. EDT,2433,3872,4932,2531,685,58600,21239,32304
PJM,7/29/2023 2 p.m. EDT,2316,3827,5461,2523,698,60305,22743,32262
PJM,7/29/2023 3 p.m. EDT,2517,3716,5572,2490,757,61616,23233,32217
PJM,7/29/2023 4 p.m. EDT,2720,3605,5469,2561,838,61642,23536,32162
PJM,7/29/2023 5 p.m. EDT,2758,3191,5313,2681,1037,61176,22906,32147
PJM,7/29/2023 6 p.m. EDT,2468,2102,5230,2577,1211,60694,22411,32168
PJM,7/29/2023 7 p.m. EDT,2327,719,4715,2364,1288,59532,21658,32225
PJM,7/29/2023 8 p.m. EDT,1697,68,3136,2095,1120,58010,21143,32276
PJM,7/29/2023 9 p.m. EDT,1568,4,1936,1921,861,57117,20713,32330
PJM,7/29/2023 10 p.m. EDT,1302,4,845,1310,442,54268,20090,32346
PJM,7/29/2023 11 p.m. EDT,1253,4,551,1295,209,50500,18804,32427
PJM,7/30/2023 12 a.m. EDT,5157,8,451,1270,520,50943,20817,32243
PJM,7/30/2023 1 a.m. EDT,934,4,390,986,209,43905,17375,32475
PJM,7/30/2023 2 a.m. EDT,822,4,393,1004,208,42110,16786,32499
PJM,7/30/2023 3 a.m. EDT,673,4,391,993,210,39446,16314,32535
PJM,7/30/2023 4 a.m. EDT,526,4,402,1004,211,38120,16081,32567
PJM,7/30/2023 5 a.m. EDT,647,4,478,997,216,35464,16028,32591
PJM,7/30/2023 6 a.m. EDT,656,6,423,997,217,35520,16064,32610
PJM,7/30/2023 7 a.m. EDT,717,858,529,1073,215,35180,16015,32597
PJM,7/30/2023 8 a.m. EDT,897,2857,568,1196,217,35901,16038,32618
PJM,7/30/2023 9 a.m. EDT,781,3744,621,1303,215,38857,16222,32602
PJM,7/30/2023 10 a.m. EDT,602,4162,621,1376,217,41675,16300,32576
PJM,7/30/2023 11 a.m. EDT,1085,4240,966,2132,240,44433,16724,32559
PJM,7/30/2023 12 p.m. EDT,1464,4061,1273,2182,430,45865,18028,32542
PJM,7/30/2023 1 p.m. EDT,1520,3974,1086,2226,417,47470,19191,32525
PJM,7/30/2023 2 p.m. EDT,1714,3927,3289,2225,447,48710,19794,32470
PJM,7/30/2023 3 p.m. EDT,1627,3672,4341,2196,445,50128,20474,32472
PJM,7/30/2023 4 p.m. EDT,1716,3464,5320,2206,444,51436,21976,32459
PJM,7/30/2023 5 p.m. EDT,1784,3004,5771,2132,447,52690,22996,32446
PJM,7/30/2023 6 p.m. EDT,1434,2136,5279,2008,447,53840,24517,32456
PJM,7/30/2023 7 p.m. EDT,1196,878,5080,1972,445,53201,23247,32457
PJM,7/30/2023 8 p.m. EDT,1065,49,3232,1932,448,52414,22516,32490
PJM,7/30/2023 9 p.m. EDT,1199,4,2099,1940,445,51133,21946,32501
PJM,7/30/2023 10 p.m. EDT,1272,4,790,1336,211,48375,20751,32528
PJM,7/30/2023 11 p.m. EDT,962,4,648,1027,212,45365,19311,32545
PJM,7/31/2023 12 a.m. EDT,960,4,399,1024,211,46815,18101,32443
PJM,7/31/2023 1 a.m. EDT,677,4,490,1000,217,40247,16754,32574
PJM,7/31/2023 2 a.m. EDT,658,4,456,992,217,38675,16363,32574
PJM,7/31/2023 3 a.m. EDT,676,4,460,992,219,36627,16324,32591
PJM,7/31/2023 4 a.m. EDT,587,4,371,991,222,36853,16265,32612
PJM,7/31/2023 5 a.m. EDT,506,4,422,990,225,38712,16349,32620
PJM,7/31/2023 6 a.m. EDT,601,4,526,991,226,41203,16998,32621
PJM,7/31/2023 7 a.m. EDT,630,756,501,1094,222,43132,17211,32604
PJM,7/31/2023 8 a.m. EDT,530,2540,484,1170,222,44836,17490,32604
PJM,7/31/2023 9 a.m. EDT,598,3599,624,1347,216,47159,18168,32591
PJM,7/31/2023 10 a.m. EDT,455,4027,595,2114,218,49778,19493,32570
PJM,7/31/2023 11 a.m. EDT,717,4080,916,2200,232,51534,20898,32522
PJM,7/31/2023 12 p.m. EDT,809,3944,1462,2199,520,55003,21439,32505
PJM,7/31/2023 1 p.m. EDT,665,3839,2425,2174,534,57655,22041,32488
PJM,7/31/2023 2 p.m. EDT,729,3778,4760,2068,501,57569,21788,32464
PJM,7/31/2023 3 p.m. EDT,873,3627,5176,2008,442,58840,22452,32476
PJM,7/31/2023 4 p.m. EDT,867,3016,5286,1951,458,60072,23188,32484
PJM,7/31/2023 5 p.m. EDT,681,2584,5532,1912,444,60670,24390,32483
PJM,7/31/2023 6 p.m. EDT,670,1920,5221,1936,427,60594,25246,32484
PJM,7/31/2023 7 p.m. EDT,432,764,4818,1978,384,58948,24817,32488
PJM,7/31/2023 8 p.m. EDT,348,46,4028,1938,414,57178,23996,32434
PJM,7/31/2023 9 p.m. EDT,421,4,1690,1649,419,55562,23962,32506
PJM,7/31/2023 10 p.m. EDT,518,6,615,1225,211,51040,22599,32500
PJM,7/31/2023 11 p.m. EDT,694,4,444,1244,210,47787,19579,32553
PJM,8/1/2023 12 a.m. EDT,765,4,466,1000,214,42081,17807,32556
